,dataset,title,id
0,_:Ne66e56cc81a442d9be92728ac37348fb,ICES Statistical Areas,8666c79c-fd1a-4d10-acc2-6040591c3117
1,_:N3b43dc3ebccd4c68928243a3b5f08a1f,EMODnet Human Activities: Regional Advisory Councils,40f1a7b4-eefd-41c2-bf53-a77bb136e02c
2,_:N519fbc3446724d4fabe6bc19495bc6d2,FAO Statistical Areas for Fishery Purposes,fe8e0abf-f7c0-44de-af6b-7493f2cbd4c7
3,_:N5ef9b07fc6894ba3941a01962b0d1f1f,EMODnet Human Activities: Telecom cables,07987d84-6f1d-456a-adc8-a88165bbcbad
4,_:Naaf34c7daa944ff991a9849e8c7c0d99,EMODnet Human Activities: International Convention marine area,84af86e1-9d76-4739-b7f0-c9f2f3359419
5,_:N84f2adc21065413e9672e3aa53975eae,EMODnet Human Activities: Submerged Prehistoric Archeology,a3743434-b9e3-4383-b19a-bb27277ab952
6,_:N47890e2441534aaf8d9e18d2ed0a0128,EMODnet Human Activities: Telecom cables (schematic routes),c78e0e6c-8f3e-4d53-9c60-92105d297004
7,_:Nc7669e39450d4fcd9cd1cee9071f947a,"EMODnet Human Activities, Hydrocarbn Extraction: Offshore Installations",b6f84844-726b-4fc6-a2a0-6b0686d5cc49
8,_:Ne282eae0c2b8498eb7f0985f4671020a,Emodnet_HA_OMA_EEZ,a93bbd2a-0f03-4d60-9d3a-112a7ccd6a02
9,_:N14006df5cb3147cdb246afed57bf2e48,EMODnet Human Activities: Wrecks,3ddf80ea-d8d0-4aaa-b8eb-d25a6ed8c468
10,_:N39076ea85c3e433e90f13b7049563166,EMODnet Human Activities: Freshwater farming sites,d32d7b01-4d38-4e44-9206-42d5a5fe705b
11,_:N4194a55efe6f4c18b2178542bd627973,EMODnet Human Activities: Protected Areas,8f8a9aa2-528b-4494-ab88-74633dfcf446
12,_:N23907b1c54f1468e847d25164068aab8,"EMODnet Human Activities, Aggregates Extraction (Areas)",41abc48f-d231-48ad-9b20-e769ec767f16
13,_:N38b2fea432e7411a80591a0d5b7b0645,"EMODnet Human Activities, Urban Waste Water Treatment Directive, Discharge points or collecting systems",bed01575-51ac-4d41-a58a-857a6b35c9b1
14,_:Nd2a0d13bf6fe4b439abf16177e4c014f,"EMODnet Human Activities, Urban Waste Water Treatment Directive, Treatment Plants",daa40bfb-abea-4fc8-8f98-e6ebaf13649b
15,_:N5746246ece6e4620ad7e9f68e235d827,EMODnet Human Activities: Lighhouses,c0628d59-ecb6-4b03-9a16-970208f7d6f7
16,_:N8baf1d66ea4f476fa248b042747f7bb0,EMODnet Human Activities: Vessel Density Map,ccc4cd96-a838-4368-8a7f-9e2637a8b3ef
17,_:N09f7574b161f4ed78e1d9104f315e58c,"EMODnet Human Activities, Aggregates Extraction (Points)",Emodnet_HA_Aggregates_20180920
18,_:N84773307c46147a684900c8c8b11d21e,EMODnet Human Activities: Ocean Energy Projects,cf21ae27-20c9-4e76-81ac-d29807b8afc5
19,_:N5ae2ff4c6c414d2396423152587c3f52,"EMODnet Human Activities: Waste Disposal, Dumped Munitions",714aeb0a-e90a-406d-9fb1-3e5cba63a492
20,_:N6d59f2cb5ee049bc9d03de3fa0f4b7c8,EMODnet Human Activities: Ocean Energy Test Sites,7553249d-43dd-489a-acd4-3eeb7ffdbfc5
21,_:N5fa78c83dc40433a80458bcb8badcfd8,EMODnet Human Activities: Pipelines,590a0091-5a7e-454d-9d3b-737bb7ccbc38
22,_:Nd0f514cfa0584bbaa8f4d6e963ddaf47,"EMODnet Human Activities, Cables, Actual Routes",4047aab8-be40-4c37-a981-b8e10710308a
23,_:N999c47d2e37e408f8d0a09b7ee6b90cc,"EMODnet Human Activities, Hydrocarbn Extraction, Active Licences",f313c69e-164e-43de-ba8f-b078d714da2c
24,_:N0eb2dfc4c9824384a12e733777fdb78d,"EMODnet Human Activities, Hydrocarbn Extraction, Boreholes",eac1ae3d-a1ee-4f90-ac8a-1aa1ec2ba2fa
25,_:N445c1dfbaf3b449abc8991fdbeb32394,EMODnet Human Activities Fisheries: Monthly first sales,d978f3dc-f028-4bde-af21-e6d707eed7e2
26,_:Nc22cdf71182847af85a05347ba6f32fa,"EMODnet Human Activities, Environment, Status of Bathing Water",30ff73ab-3352-4082-919d-2197bf78d791
27,_:N27510452689c4f7aaafe00af545df531,"EMODnet Human Activities, Main Ports, Goods-Passengers-Vessels Traffic",c0c12986-4373-4cef-a1a4-75db11a4eafd
28,_:Nab1947c05bae450dbc575738605a5b48,EMODnet EMODnet Human Activities: Fish catches by FAO statistical area,653ca732-4351-48cb-b3a3-740d34e2ecad
29,_:Nfc699322800f4634b07b78bd57528f5d,EMODnet Human Activities: Shellfish aquaculture,d72b9826-9282-419d-b953-d02c66e09869
30,_:N66586f9d932f4f238b4fc6ef90081f70,EMODnet Human Activities: Marine finfish aquaculture,5026492f-5e70-4975-ba86-40e2d21ebc99
31,_:N6b24af1de69d4b238d9e600a0513a6c3,EMODnet Human Activities: Dredging,8331978a-9414-410a-a9f4-94a7965c1dc0
32,_:N44e4d6c16edd4745a15089ca7659700b,EMODnet OOPS metadata,f9e309b5-0626-4a93-b3ba-0c9c429c49e9
33,_:Nad48c5f21bf941398a85651a5d97b485,"EMODnet Human Activities, Environment, Nationally designated areas (CDDA)",1cf5882d-4feb-4cf7-9eb5-6a542af72773
34,_:N4f61df1778394135a02a15632105ba94,EMODnet Human Activities: EMSA Route Density Map,642a4b0a-be0c-45c6-8940-f4e9a75cba9a
35,_:Nc1efe6523026413f8fba567f5805cc0a,"EMODnet Human Activities, Environment, Natura 2000",234c2894-a2a3-4345-a1cb-e2dd69e1b5e7
36,_:N3fb5ea56cd194b9c8ddc7da3fb1480f5,Emodnet_HA_WindFarms_20200305,a4bfd2eb-bef8-423d-8ac1-48b7ded7058b
37,_:N8b796a8f2c1c4f7c8597c4b056da5166,"EMODnet Human Activities, Fishing intensity",58f2e18a-2aa1-4977-8a2a-d6ad9b43420e
38,_:N38a1fb55ca4f4308be831253467b8c8c,EMODnet EMODnet Human Activities: Fishing effort by FAO statistical area and GFCM area,b68468bb-945a-458d-8e53-8ed33c4dd1b8
39,_:Nbf309954061143b3a7f0669d44b8c667,"EMODnet Human Activities, Algae Production",cd14c965-72ee-434e-9a2a-956758639507
40,_:Nd313da9650e9406a9ab1a5c28bb96602,EMODnet Human Activities: Maritime boundaries,a35bc5fc-f658-4e5d-aa17-2fe6cbd5bfc5
41,_:Nf2a31d9ae61b420fa779fd1673b0846a,EMODnet OOPS summaries,af0fe8db-f976-4fd8-b2f6-cb5976333be8
42,_:Nb0dd248ceefd413aa4dc1b147744d3e1,EMODnet EurOBIS Basic Occurrence Data,1590df33-65f6-4652-b7f8-4ccd9dfb6752
43,_:N45ae4bae2a55450286ac827ffb74f625,EMODnet EurOBIS Full Occurrence Data,4a9a2bfc-f460-454a-85fc-1857e1ac183b
44,_:N12d5c6edb2cc49c4bb7cd9523cbf774f,EMODnet EurOBIS Full Occurrence Data and Parameters,f8b67dea-3294-4bb0-be8d-a727378b4853
45,_:N1a70d261a29a4cb8a10c3dfb7cefcca3,EMODnet EurOBIS Count of Occurences,dd2eba1e-31df-477b-8e20-dbc2067a9b40
46,_:N06878cf7b0f14eab94d064fcb8dbd124,EMODnet EurOBIS Occurences as Geospatial Grid (15x15 minute),7025c1d3-2ada-4a25-a1fd-6faf8a9b006f
47,_:N8acc1b7a90724072a3bca5dd5fcac0aa,EMODnet EurOBIS Occurences as Geospatial Grid (1x1 degree),2ddc60bd-6f9e-4abd-afeb-27c36779f48e
48,_:N87f545341a4544be8f61c1118e84dc0c,EMODnet EurOBIS Occurences as Geospatial Grid (30x30 minute),aca58ba4-052f-4675-9a51-ccaedbc8e158
49,_:N2034c81cb6d0465a9e0fc8a84f996cdc,EMODnet EurOBIS Occurences as Geospatial Grid (6x6 minute),bf68edd2-0b03-486e-b714-3cfee7f303b8
50,_:N5ff1217b685f46aab077c5eb5b6f071d,EMODnet EurOBIS Occurences as Geospatial Grid (points),f302aa94-fb37-4f3c-9598-247237461557
51,_:N55b5d9169bf4472d82248ffd1c2d213f,EMODnet EurOBIS Occurences as Geospatial Grid,bcc5bcd7-929a-4685-9161-f1da61895e0d
52,_:N4151debd710c4bf0b63f0f62b3a0c3e3,"Emodnet Human Activities, Main Ports, Waste at ports",633f2c70-f2e7-4527-b982-89c52bf2b0e9
53,_:N1a232495af1c4d84b11725ca9459ee3f,EMODnet EurOBIS Occurences as Geospatial Grid (30x30 minute),4b13c11a-9027-4ddf-b074-a28a6757147a
54,_:Nb84bee4547814af3a537ca3419d910b2,EMODnet EurOBIS Occurences as Geospatial Grid (15x15 minute),4ded0efd-6e20-4102-943e-6eae74606f85
55,_:N61f760c3abae4d8591e0d8c1d125822d,EMODnet EurOBIS Occurences as Geospatial Grid (1x1 degree),07ba27b8-64e6-4b31-a5b7-e90787f6bfa8
56,_:Nf6b9818c528a47859f047880a6af6525,EMODnet EurOBIS Occurences as Geospatial Grid (6x6 minute),d569a1cb-f9a3-4ac9-92e9-8a19d08a539a
57,_:N37d9dba35f7e4cb48640b5bafa9147fa,EMODnet EurOBIS Occurences as Geospatial Grid (points),d295ed1f-f123-4ebf-9e97-00f03353af64
58,_:N9553db6ea9c94cb4bce8c9963b6fddbe,EMODnet EurOBIS Occurences as Geospatial Grid,31de04ae-6a5d-4dc1-95d8-7693368131b6
59,_:N2cb9a319c09945c3beba9cea00df9dc1,"EMODnet Human Activities, Nuclear Power Plants",d871f674-5a6d-459e-afbe-5020badefb69
60,_:N1de4c1beb03a480db02f715e431d2945,EMODnet Human Activities: Dredge dumping sites,5fc6d319-0a6a-4cac-b13b-231889796e28
61,_:N5eb51d0486c94bb3a3eb2cb81228f657,Caratterizzazione bio-ecologica e bionomica del Parco Marino Sommerso di Gaiola,47489848-e54d-4bfa-bbec-c5516273b9f7
62,_:N31bff3bf584e468eb4123433a913570e,Seabed Habitat (EUNIS) - FR9301998 'Baie de la Ciotat' (Cartham) - FR003034,bcd93384-72f8-4a7e-a1db-903b59247492
63,_:N60ac437c008d415587e21f33e5005d96,DK003046_HabitatsDirective_DEF,7edf2f11-b203-4eb5-92e8-e92478e3dc7c
64,_:Nef0b11997f2a49a2a5bb8e244d9599e5,LongBank_HD_DEF,0d6bfc21-a567-428f-850b-ea8237c4c484
65,_:N72d3266e46f64d9ea09c47bef4697c36,Caratterizzazione bio-ecologica e bionomica del Parco Marino Sommerso di Baia (Fanerogame),6f78f452-8aa2-4e3f-933b-781b9f88533b
66,_:N647cab56ba6447d5a1d6672d64b640d1,DK003002_HabitatsDirective_DEF,7d86e10b-104e-4af7-b6c6-87e77784b3af
67,_:N768d2a8af3484f93b9035d76daf81f19,DeepwaterMorphologicalFeatures,ceccf1da-891f-44ec-85a7-b0e76c142e0a
68,_:N2838818d32754a9f8f2496594221589c,Krieged BroadScale Substrate Map of Fulmar rMCZ,5e247290-6076-48d4-9fe3-93a097f4ae83
69,_:N332673027a4948c7a37e0234f9512383,Beachy Head East rMCZ EUNIS habitat map,2e227bc1-2b88-4e89-a0e2-65dac5698f7d
70,_:N04fc79337a84442b82ca649faf7409cb,North Sea Natura2000 habitats,d884f4af-6099-4707-a4f3-c63002221264
71,_:Nf3492c04d013419d8ab7d8e70ced9ff3,DK003056_HabitatsDirective_DEF,2b36f66c-449c-41a4-acb0-fc1764c6a042
72,_:N460d87a9306b42bebf9b1dfe02fe172c,DK003050_HabitatsDirective_DEF,13dcc5ca-9463-45c3-83cd-5abda0ea381e
73,_:N59852c787a5646caa7002e28377fa0a2,"Marine habitat mapping for the Vatika Bay, Peloponnese, Greece",23e45078-ca1b-457a-b2e1-de2ebc128395
74,_:Ndee482090e874f89b25083ac24f4d1e7,"90th percentile kinetic energy at the seabed due to waves in the North East Atlantic Sea, Greater North Sea and Celtic Seas",ce4301fc-b15c-41a3-812f-c2df8d7dce5f
75,_:N038599214f64490684faf798bf9b574c,EUSeaMap (2019) Broad-Scale Predictive Habitat Map - Oxygen regime (a habitat descriptor),948455bb-22d3-481a-aeb6-25e7e48a1d62
76,_:N507b1074f90d4024be3c5aaef8081dd8,Haig Fras habitat map - EUNIS and Annex I Reef,6ed3bb3855a3a1a652d357f3183cda78
77,_:N038167ba56944c63aaa7b755b1320fa0,Zostera marina distribution model - Finland,FFD58436-7F1E-4E6C-94F0-7D39E041E04F
78,_:N7799d7d393fc4dfea0b69e9921f52142,Confidence in below halocline probability values,86c5273c-6bf0-4535-8acd-817781503211
79,_:Nc7fbbaee231d4f638e51b33383fad0af,Seabed Habitat (EUNIS) - Lot 06 'Pertuis Charentais et Estuaire de la Gironde' (Cartham) - FR003013,eb12d2e2-9c57-4a27-8985-f3c43f11f174
80,_:N08906efd55514ed2bb6c7e07fe199848,Morlaix habitat map - Rebent subtidal,dab8ef30-c604-4117-b8a6-83af617f1fad
81,_:N4720252cf03848c883d8adb7aebc5643,Mytilus trossulus x edulis distribution model - Finland,1D8074FE-49FB-4A60-9A9C-A54EBCF7CB53
82,_:N85a9354417574bfdb1c031bf6baf8ef7,DK003008_HabitatsDirective_DEF,150e3cd4-3b24-4440-8179-7d48e0283d3f
83,_:N68e79dac0f4e45ca8dec3027f02406fb,"Confidence in kinetic energy at the seabed due to currents - Celtic Sea, Channel, Bay of Biscay",3e67e2d0-c004-48fd-bd56-df2da3fbffd9
84,_:N6dc66b59e72344bba56ffeec05d30234,Seabed Habitat (Habitat Directive) - FR9301996 'Cap Ferrat' (Cartham) - FR003049,9292db07-0532-4141-b88b-4570cc11140b
85,_:Nb0aad3dd7b7348ada7c11b2d9de51118,EMODnet Seabed Habitats collated habitat point data,ef3966c9-187b-416a-8a74-e0a853f6fcfa
86,_:Nd0900f3b79b24efa91a5c846a1914190,90th percentile kinetic energy at the seabed due to ocean currents in the Mediterranean Sea and Black Sea,f64b8122-1861-46f5-8713-3da3b6483a5d
87,_:N407404e514664a3eb570630e4f3e538a,Broadscale habitat (EUNIS level 3) for South Rigg recommended Marine Conservation Zone (rMCZ),b9d2e7ea-fd29-4049-a1ce-af4f24018899
88,_:Nd1f860a71d8546fb970d4850eee9f098,Caratterizzazione bionomica dell’AMP Punta Campanella (Fanerogame),0616f79c-6d64-4365-b704-6b09deb25ad0
89,_:Nc8a3cca4344f4c4a86b232d129769609,EUSeaMap (2019) Broad-Scale Predictive Habitat Map - Confidence in classification of substrate type,2cf1e2b1-fa8a-4bcb-9ce6-4c88c929c071
90,_:Ncdfb0a2868fe40aab4db261b2599993c,Celtic Sea Nearshore Habitats,da029dbc-a4de-45c7-9666-ae7e35d93af4
91,_:Nab3422b1bc3e4889a1f26b88c1204454,North West Irish Sea Mounds Survey,f000be57-1eb3-4998-ba2a-d7ea3413d103
92,_:N107b2029d5104fe19ecc2b99ea10ed06,"Seabed Habitat (EUNIS) - FR9400574 'Porto, Scandola, Revellata, Calvi, Calanches de Piana' (Cartham) - FR003057",3a215926-a7d1-4495-b05d-21cae776ab44
93,_:N8764b8e51e4442c1b21a4ffa74fb9822,DK003047_HabitatsDirective_DEF,9e5ebfb6-69ce-4307-8bbd-9d10cb7f686a
94,_:N7e62381dd232437eb8343d161baa089e,IE003095_OH_DEF,c4a72a72-c3f9-486b-b458-2404922d0a39
95,_:N95a346ebcb284304ad94883921a57272,"Seabed Habitat (EUNIS) - FR9400591 'Plateau de Pertusato, Bonifacio et Iles Lavezzi' (Cartham) - FR003073",5787a922-a8a5-4dce-b322-de6b0e5c0b21
96,_:N84dde3318d7f41b7999e56d63a0e18f8,"Seabed Habitat (Typologie des biocenoses de Mediterranee) - FR9402018 'Cap Rossu, Scandola, Pointe de la Revellata, Canyon de Calvi' (Cartham) - FR003063",6f1309f0-980b-486a-8d6c-4aab2ed6f5a6
97,_:Nb4de213d85dc43c9bad584270b62b6ea,"Seabed Habitat (Typologie des biocenoses de Mediterranee) - FR9400591 'Plateau de Pertusato, Bonifacio et Iles Lavezzi' (Cartham) - FR003075",823d7e09-85f6-4b4b-9b2e-7871c752c8c9
98,_:N5583d91e7c2a4436805fb870fa0c2461,RavenPointNatureReserve_HD_DEF,41570139-cafa-4af7-89ce-2a38ed5be18b
99,_:N9810e82b5e8a4c98b0e6e2c19a63b36f,2013 Natural England Verification Survey of Intertidal Sediments within the Beachy Head West rMCZ,a17fa5bb-c780-479e-ba9f-cff23ef3fd82
100,_:N429c27721aed42c392344f07c3d5a96d,"Seabed Habitat (Habitat Directive) - FR9400574 'Porto, Scandola, Revellata, Calvi, Calanches de Piana' (Cartham) - FR003059",d8723221-b108-4be0-8f69-05f73cd11d52
101,_:Ncea9a22f448c49a2a6f04524a5fb6c7c,Seabed Habitat (Habitat directive) - FR9402013 'Plateau du Cap Corse' (Cartham) - FR003054,93a1f1b3-4710-41aa-86ea-b425aa4cf85b
102,_:Nbbd1ffb8e9fc4cd8b03280fac8566c60,Confidence in wave exposure index at the sea surface - Norway,8daf5277-df23-45eb-9748-8a56338baf59
103,_:N42a979b25226408caeb1638696a6fa5d,"Habitat Map for Murlough Special Area of Conservation and Offshore, Northern Ireland",3bc73308-9e90-427d-b65a-bb1861805825
104,_:N18694bb95f7c48f5858446acc71e4f4b,DE003006,d7eb4e96-a1e3-40a7-bf28-e877b9ade5a5
105,_:Ncaad2e81da6546d1bb306448066d9b80,Broadscale habitat (EUNIS level3) for the Offshore Overfalls recommended Marine Conservation Zone (rMCZ),fc0dff6d-4513-4ff7-b761-5fd426678da7
106,_:N9ab01fc4c9e84ed0953680005bc5a6b0,Broad habitat types in Bulgarian Black Sea shelf,8f34b31f-5342-4033-8763-8c5a9930b1ab
107,_:Nb1ee57ade8844f3191209fc79e54c618,Potamogeton perfoliatus distribution model - Finland,91204F0D-3C05-465F-A0B2-9CE166131C7E
108,_:Nf5417cb2ec3f4531827b825a2b053edb,Trégor-Goëlo habitat map,766e63d8-93ae-4976-a558-1060a35adc26
109,_:Nd74b9577d6aa406f94b8d2d9d4e990f2,DundalkBay_HD_DEF,832f3fd4-275a-4cba-986b-62e8b1eb6326
110,_:Ne817519d9c9f4b728492fd50eaf174fe,Kinetic energy at the seabed due to Currents - Barents Sea (Institute of Marine Research - IMR),3299b70b-0678-4f98-9183-75dca1f24bcc
111,_:Nccff2348ba3a40dabdaed4bbcda1108a,Wave exposure index at the sea surface - Norway,513f5c70-22d0-49d6-bc1c-8b378a2ff30f
112,_:N35b493607ad549fd8f6c14d09f96de3e,90th percentile kinetic energy at the seabed due to ocean currents in the Adriatic,671ea074-e696-4d87-bfba-7de0937e0d2b
113,_:N26c4bc9d885546e992fdeda77b0fa189,Seabed Habitat (Habitat directive) - FR9301997 'Embiez / Cap Sicie' (Cartham) - FR003038,552e7eaf-dae4-4760-9f66-f9f7df51527b
114,_:Nb8739a01d09046b1ad8291ac0caaa63b,Seabed Habitat (EUNIS and EUNIS submission) - Lot 06 'Pertuis Charentais et Estuaire de la Gironde' (Cartham) - FR003014,a0bd50f1-0b5a-4593-b488-e8fbf58e1105
115,_:N72a35bebdf3642f4921697b791b9d83e,ValentiaIsland_HD_DEF,95d3ec89-b568-4627-b8e3-207db072b7e1
116,_:N2b0e8605c3ae4175b55f2482e41e6891,"Amphiura, Abra nitida, Galathowenia oculata, Ennucula tenuis, Thyasira flexuosa, Nucula nitidosa, Diplocirrus glaucus abundance model in Baltic Sea",720EABD5-670E-4706-8F8E-EC9B1E386F42
117,_:Ne7ce945af09a42cca0a025de12e7b4e4,Marine habitat mapping within the GR1150007 Natura site (Limenaria - Ak. Kefalas),9fe0b7f6-2c9a-4029-b032-e855c6ea26ff
118,_:N4443f67fb991488fb0651f9d48384b55,Padstow Bay and Surrounds BSH,d61365c0-ba62-4f81-a7d6-38c06d94115b
119,_:N02020fea5626460dacc3ecafd9d62319,Kinetic energy at the seabed due to waves in the Azores (mean of annual 90th percentile),199a9e40-5862-4103-83e9-693a6b418bc7
120,_:Nad76610d10a44688baf032221eb4a50f,NO003005_OH_DEF,4cb03e26-8d9f-483a-aeaa-7a3ac1455307
121,_:Ndb71674668b24b61b298ace95ff9cb68,Seabed Habitat (Habitat Directive) - FR9301628 'Esterel' (Cartham) - FR003045,0213c0e8-947b-41bc-a081-a0067d256918
122,_:N58708b9e048e4bf8ba00c1e6c320f3d0,DK003052_HabitatsDirective_DEF,07e0f16f-f938-4a8b-88c7-1b3d9e9b44e5
123,_:N667a9a1cef144567a9d21159ed7e530b,"Echinocyamus pusillus, Harmothoe, Bittium reticulatum, Oligochaeta, Alitta virens, Turritella communis, Asterias rubens abundance model in Baltic Sea",F8D574AE-1EA3-4CA8-92BC-C115F3D784B0
124,_:Nba157024077a44439aa936d0f9743761,Wexford Marine Habitats,49d2a01f-2e13-4385-9635-d22800805be1
125,_:Nf9a13b26123f45ea99aa12a240b8d6a1,DK003031_HabitatsDirective_DEF,01c9119c-929d-4c80-840c-c80744c85806
126,_:N38d81c753be14ff2858e473fe8cf4f28,Global habitat suitability for Sessiliflorae cold water octocoral,CB977463-00AB-452E-98A5-396388730C56
127,_:N8bc7eaf60703469f901ca8cd3e6e52a4,Habitat 1110 - Sandbanks in Bulgarian Black Sea,78a5f7e6-da3d-4fb8-9ceb-1acbca3c3832
128,_:Na505580bdcec4a93b7cd7071fb4dd60d,EUSeaMap2 (2016) Broad-Scale Predictive Habitat Map - Confidence,39b23bdb-1f0b-412f-9746-bd816bb9c11e
129,_:N199189bc040a4f4bb7d2c4ec5cdf26da,"Seabed Habitat (Habitat Directive) - FR5300017 ""Abers - Côte des légendes"" (Compilation of maps) - FR004019",c617aa23-4cfa-434c-820b-12de827f02e6
130,_:N05ebbd95d3af4d1b8b25899ea4ae7fe1,Broadscale habitat (EUNIS level 3) for South of Portland (rMCZ),2b0e56c8-f969-48e4-8109-7ecc57575804
131,_:Nb41dfeb4c94343509a8c93894a057ed7,DK003029_HabitatsDirective_DEF,9da0b387-3259-4412-8aa8-47c643c0c6b0
132,_:N54351280b23448668583ba9b9549f187,Folk 5 substrate map of Bulgarian Black Sea shelf,2fe53e92-5724-42e7-8512-e55a56a66c8d
133,_:N1b33ac99b15d46d6b0716d224dbc853f,"Coastal benthic habitat map of Natura 2000 site ""Côte de Trestel à Paimpol"", estuaires du Trieux et du Jaudy et archipel de Bréhat",fca80090-a50e-4b6f-8176-4e32e9f06d81
134,_:N2f2d0e5a0e5343d3a57d000387938383,Seabed Habitat (Habitats Directive) - CARTHAM : FR9101493 & FR9102012 'Cote Vermeille' - FR003017,3f25a8bb-81fc-412f-8d11-cf4214c0612b
135,_:Nc4276a260cc84c81b9ed697b2b83d41e,Predictive habitat suitability model of Chorda filum in the British Isles,F75A0619-6309-45D7-85DB-CF493E106899
136,_:N8bc94084007f4e5ba4a1020af7610220,"Kelp forest distribution within the Bay of Morlaix, France",12b209ad-b6ac-474a-9f05-ad0d8cb9c6ad
137,_:Nc9e2ae1b1c514444923de78bf0afaa39,Confidence in kinetic energy at the seabed due to currents in Iberian Peninsula,1b10dda8-ef35-4c68-9e3f-6c6c3443d759
138,_:N428d4312a7cd4f60976b75adb969d527,Seabed Habitat (EUNIS) - FR9102013 'Cotes sableuses de l'infralittoral languedocien' (Cartham) - FR003021,e56ad1df-7084-407e-95da-1b94360c3bba
139,_:N900a97864e9e44249c142ed7c2b26c92,Broadscale habitat (EUNIS level 3) for the Mounts Bay recommended Marine Conservation Zone (rMCZ),a9611f16-8717-44a1-a45c-0884c2e90bc3
140,_:N3eb948483e5c4270883c623d1952d173,ANNEX I habitat for Bassurelle Sandbank Site of Community Importance (SCI),288a4373-c0f4-43b9-8a51-d6a7e2ba5c86
141,_:N3b92c314a06043659d035cfe990f5212,DK003061_HabitatsDirective_DEF,4e314090-6453-4b29-b13a-4e403fa33a99
142,_:Ndb056475f4244bf09189bde365c725ad,"Monoporeia affinis, Marenzelleria, Macoma balthica abundance model in Baltic Sea",b956537a-1e86-4517-85d9-692890692243
143,_:Nb62372cf834e46cfa80ff555a8f1c802,EUSeaMap (2019) Broad-Scale Predictive Habitat Map - Riverine sediment input areas (a habitat descriptor),263cc688-09c3-4e01-9987-05325aed1c40
144,_:N10f0f40584e04fd9bcbf955fa09579d5,Celtic Sea Marine Habitats (W),1dad3dd6-0729-44d9-9840-23660de1eaad
145,_:N18a25b9658a14402a6e52f372435e65e,"Croker Carbonate Slabs, Mid-Irish Sea",4de55d9f80f5b2580fd572080d7fcf69
146,_:Na7539679c1744d23839406b43261ee3e,IT003001_TH_DEF,7256a4cc-d8df-4711-bd01-ed9a61228409
147,_:N56b31d88989549e8851a428082174caa,Marine communities of the coast of Lanzarote,cfe3ec43-2682-444e-a9b2-83edab765db1
148,_:N07745c5f1b42415dbcc45a02ddfab712,DK003057_HabitatsDirective_DEF,5c96fed7-48b4-4c38-a931-af499a81966a
149,_:Nad2da7ec35a54428b39de7f07ec99b5e,Composite map describing MDAC coverage at Croker Carbonate Slabs SAC,4ef9b811-6465-4342-bf43-8ecc60f010a3
150,_:N40ebb582a6b64c8f944794a9f44de9b2,KenmareRiver_HD_DEF,94735a29-0b9a-4b6d-8942-9eb6082cb5ec
151,_:N2ab54ac97ed640d2ad74b5fecaccd561,Folk 7 substrate map of Bulgarian Black Sea Shelf,00bce846-9e9b-4ff7-85ed-6aa8eeeb28dd
152,_:N125539f6150e4235a476ede72d908799,Seabed Habitat (Hab. Dir.) - FR9301999 'Camargue' (Cartham) - FR003029,756f30b8-3b54-4357-b017-82dde8da389d
153,_:N3fcd09e0c7104c8d806d92ab8a738b45,EUSeaMap2 (2015) Interim draft Norwegian Seas Broad-Scale Predictive Habitat Map,ea78372f-8453-4285-a9fb-660eaabb209b
154,_:N7b6ffdb061724d33a469d3a79d46c03c,Seabed Habitat (Habitats Directive) - FR9301592 'Camargue' (Cartham) - FR003026,06bf16d7-983d-4637-b0ff-b5c682fb6dd8
155,_:Nee3d8ff009fd42ce818f16f3074f97bc,EUSeaMap2 (2016) Broad-Scale Predictive Habitat Map - Salinity Regime,2bd1634b-d0a7-4d7f-a8d7-7b8b821da955
156,_:N48f57bee50b343f7ba1c9d5a516a8083,Inishboffin_HD_DEF,23535d38-0e86-47b0-8f9e-944af5afb3c9
157,_:N2379302f5335489780e39e2cb58e19b9,Northwest Ireland Seabed Habitats,07e7b408-f8fa-46ae-b0bc-5adadfea8d68
158,_:Nf3edb88f56654a0491cbf69d161d2025,"Seabed Habitat (EUNIS) - FR9400574 'Porto, Scandola, Revellata, Calvi, Calanches de Piana' (Cartham) - FR003056",4ab46538-911a-4faf-8a6f-a0fa9c9a850a
159,_:N476a27cf89f648c0853e3ed7e47ce012,IT003003_TH_DEF,844415cd-b4de-411f-a353-1f3d9be108a9
160,_:Nb75ade6b8c3f49c5b5353936af5d6e3a,DK003066_HabitatsDirective_DEF,bd4f62cc-74d2-4455-a500-0f3656bfd25d
161,_:Ndfd0a906c2c04c29b3c652810425cbf5,Kinetic energy at the seabed due to currents in the Black Sea (mean of annual 90th percentile),94e29463-e277-49ab-b2a9-3a7932ea10be
162,_:Ne6ae8de08bdd45cfb0eb9f9ffe9166db,Seabed Habitat (EUNIS) - FR9301573 'Baie et Cap d'Antibes - Iles de Lerins' (Cartham) - FR003046,090703e1-0e98-45ec-809e-a2f715005adf
163,_:N7c1d2caf4022480789593321f2d34b22,Estonian HELCOM HUB level 3 habitats,bd28c20e-d73b-408a-88ab-a93b7c535c1a
164,_:N366e21ceace8438b93eb6f23f69d1af8,IE003083_TH_DEF,cbd66b5f-af1b-4c34-9297-53a6803816e1
165,_:N03aeba4ed76343a58d5e673de264d883,Seabed Habitat (Original Habitat) - FR9301602 'Calanques' (Cartham) - FR003033,4f49a4bb-a6ea-4c13-9b6d-8e475c410904
166,_:N21cc6adce250482298e9f51595175473,"Seabed Habitat (Habitat Directive) - FR9400591 'Plateau de Pertusato, Bonifacio et Iles Lavezzi' (Cartham) - FR003074",c61c47e9-4dec-4219-9e5b-1fed2cf0e32e
167,_:N29d5b2843c1a4b40bb306bdfe9d5eb41,IT003002_TH_DEF,7e05f026-44fb-4a9b-a66b-18c67c9ee386
168,_:N4ed473afe3194872afc7ad5200c0ec32,Estonian sandbank habitats,6f6a9390-2f4e-4173-9609-a2dd1fa34d60
169,_:Nc9f9f4a4f8b04a309db89e104ef54bc1,Sheephaven_HD_DEF,2c9d8b7b-eed2-4da7-8b19-f0e95432a97a
170,_:N89cf543996bd49ee8e29bfe92d74ee2d,BaldoyleBay_HD_DEF,cc1a2dab-c26f-4e94-98d8-1d0bea998206
171,_:Nc60c31270dea49cfb5abdd931890ac83,Confidence in PAR at seabed values - Europe-wide,b8310fc5-6df0-4ccc-8dc3-365374940b52
172,_:Nb762e7aeeac04a40831d3aad6aa466a9,DK003077_HabitatsDirective_DEF,f3c26cde-bfb7-47c2-81c0-697117d7a5e5
173,_:N8bb6eec6b71849a4949542827aa18394,IE003085_TH_DEF,cf64d98e-b351-4dcc-8d13-2d9e8f98aa2f
174,_:Neb4b1ffcd99e4c5c8a904404186eb698,Seabed Habitat (Habitat Directive) - FR5300017 'Abers - Côte des légendes' - FR004023,e8bcd131-7b26-48b9-ac62-64280fb64800
175,_:N8993f80a145c4c7fa8c4ae71c5bbb3fc,Seabed Habitat (Habitat Directive) - FR5300066 'Baie de Saint-Brieuc Est' - FR004022,e3ea47b2-1dca-4297-96b8-3d27b477a17f
176,_:N4fd15ff3a548473181ff871197217214,"Predicitive habitat model of Lophelia pertusa distribution in Hatton Bank and George Bligh Bank, UK",56A8D063-0576-4376-97FF-1F21D5DA64E6
177,_:N9c3966a235b3484eba5116d1b570c43d,2015 Natural England (NE) Shell Flat and Lune Deep Site of Community Importance (SCI) - Drop-Down Video Survey,f7cc5f7f-cf7a-40db-b17e-8760f6293160
178,_:Nf4e6f1f877e54d628cd5b9bc20657097,Seabed Habitat (EUNIS) - FR9301995 'Cap Martin' (Cartham) - FR003050,527ce5b4-fcc3-47e6-a08e-c5740c152a44
179,_:N19e38985e5aa4939ac3ca25b9a5e89d9,Broadscale habitat (EUNIS level 3) for Sleive na Griddle recommended Marine Conservation Zone (rMCZ),e7395081-6968-4edc-8205-a5b2ffbd052e
180,_:N7dc5ac0715794941a70c741d636d4414,DurneshLough_HD_DEF,b28deda3-23b6-4626-bfba-94363fd387f1
181,_:N7bbbe70916f94dd4b12cbf793f2dcd62,DK003022_HabitatsDirective_DEF,1a83a8ab-c8a8-4726-8f1c-3da349749828
182,_:N60565189f75d443697041bf143df33c7,Confidence in kinetic energy at the seabed due to Currents - Svalbard,a288d6ab-8187-47f1-9a25-b04c9b9d0ce4
183,_:N360556d18d4941f5bc6d3c9e1c24272e,Valentia Island Marine Habitats,cb102170-cd45-45a7-8171-1eb30264a51e
184,_:N0399b1e316574831ac946ac719648770,"Confidence in kinetic energy at the seabed due to waves - Iberian peninsula, Macaronesia, western Med",421fe23f-bf25-4ccb-ac9f-f75166e95613
185,_:Nc2740877c28845998a56f76d9b9b2d36,Confidence in kinetic energy at the seabed due to Currents - Barents Sea,a48a6529-346b-4cbc-934f-f6eec7ee9362
186,_:Nbdbe6268ac3045ccba6337e283805dda,Ballymacoda_HD_DEF,0ee77c34-d223-4fa4-887d-f846fe7bdc85
187,_:Naa1771d2dffb4677ab49aa18d2d2e0db,"Laminaria digitata distribution in Molene archipelagos, France",4adbe32a-8c81-4c18-8da3-4c361889820c
188,_:N87026d78161547dba0c204d2883421c0,DK003068_HabitatsDirective_DEF,c9caa3ba-f0c4-4bc0-930f-461b307fb81a
189,_:N6048ef61264644f08f4c147b638141a2,EUSeaMap2 (2016) Broad-Scale Predictive Habitat Map - Confidence in kinetic energy due to currents values,d6a738d4-b1be-4ecf-9560-cd90dd58753c
190,_:N8605ae05b98f4197b47990561b7f350e,Predictive habitat suitability model of Himanthalia elongata in the British Isles,0055C5D0-5AB9-45C0-AD93-21334BBE2039
191,_:N96c41a004f4647208fe4413112ab9c9a,Intertidal mudflats layer for England,52aa12cdcafd74ed56b4af50808155e7
192,_:Nbd87116942f44bf8b71ed047b0a3e0ae,NO003012_OH_DEF,d44eff6a-cb1f-4529-b161-41b512f87389
193,_:N6c4b3e7c476741ebb7f4aa55ead5006e,Global habitat suitability for Calcaxonia cold water octocoral,B3508400-5B07-460C-A73C-8A73857879BF
194,_:N02051e42ec8a4e0992decfea3b371002,DK003038_HabitatsDirective_DEF,2e8d50bf-0f5a-4327-8fb9-9336c1a219ca
195,_:N07bcd7db3b14404eaab03c83faa03658,"Mapping the distribution of benthic biotopes around the Isle of Wight. SW Isle of Wight, Lifeforms",56a4158129474440d57a7273e180c639
196,_:N9da62c02f6d04139bed9d5f2003fd563,"Bylgides sarsi, Pontoporeia femorata abundance model in Baltic Sea",9C6B7A1D-BDC9-42CE-9589-5E49942EC450
197,_:N51e5252b695c4e67b83b37dafc3a54fe,Collated Zostera habitat boundaries for Wales,f1c5123ea38f08714778d1f9bcea4425
198,_:N72f0a83c720448ef8825a7a08c929e1f,Marine habitat mapping within the GR1150007 Natura site (Limenaria - Ak. Kefalas),67500f6a-4c21-48be-80a9-597b8f77d8fb
199,_:N414d52564af845dd82e334825bc1a5a1,Mulroy_HD_DEF,5c2c269d-a835-4561-83b5-2adc57a38835
200,_:N2a5ab9f1d7dc405fbbd6441c2efbddf1,Caratterizzazione bio-ecologica e bionomica del Parco Marino Sommerso di Baia (Bionomia),8585f560-8ba3-44cc-aa91-5694b839ea2a
201,_:N881c6c198f9840529528e3d137d61813,Solan Bank to Fair Isle Channel Area rule based top down benthic habitat map 2013,d3b1b76d-4f18-42fe-b3a2-31605af3d9c6
202,_:Nd29128ed3d714a02a8c34587b90603ee,Boyne Marine Habitats,1281940e-39b9-4bce-a540-8d6a3812f418
203,_:Nae52ee5cdff149458d7b470c51afe3b6,RO003004_TH_DEF,9f4f30ea-b9b7-4ac9-99f6-49be1f178d5a
204,_:Nfff420326c984d828f9977bb1a90ba66,DK003005_HabitatsDirectice_DEF,30b51bc2-6d02-417b-885e-4b443af8dbf2
205,_:Nfcf45e722b914881a96d17015d27f007,Seabed Habitat (EUNIS) - FR9301997 'Embiez / Cap Sicie' (Cartham) - FR003036,563034fd-45ed-4f70-8327-dab8df15ad4f
206,_:N3de7ea164fae4d6d8a1d9240a1a49e1b,[GB100399] 2017 WFO Mussel Stock Assessment - Eastern IFCA,216e5f4f-5142-4eac-a11f-698aa84a6a3a
207,_:Nd6712fb0874e4ca898485f11d9d80675,2012 Natural England (NE) Solent Maritime SAC - Intertidal Survey,d94240ac-3445-4e27-bd10-7ff1239c049d
208,_:N4f4dafd3569d4fb4aa4f7ec7c7205980,Predictive habitat model of Syringammina fragilissima distribution in Irish waters,F39F9BE7-D91A-46F5-A7CE-A0311B5A9D96
209,_:N95bc7f6182094e948d833cc1f538dbff,Seabed Habitat (EUNIS) - FR9301613 'Rade d'Hyeres' (Cartham) - FR003039,a2661c90-c4e8-4595-8347-e150f28f269e
210,_:N519910a2bd584e1c85af48447d4a35b2,DK003059_HabitatsDirective_DEF,8bc1770b-7cd1-435a-81f2-c33c6c8cb7d8
211,_:N2e2b95e9b2af4951a48e147420624482,"Mapping the distribution of maerl in South Uist (Loch Boisdale), Western Isles. Lifeforms at Stuley Island",f6ce504d76fdea2384c776addd9f5aed
212,_:N09c27688e477440883bfbd3f580c9ae9,SP003004,65a4ef4a-51ab-4121-b78d-8d58f5018be1
213,_:N9246ed25e6ab4e4daa786b44aa4fa9e9,TacumshinLake_HD_DEF,59a6bafa-0a68-4f12-936c-147137a80166
214,_:N7aec4dc074d14501bb09de37b31b6d01,Tramore_HD_DEF,09eb3345-9b5b-4175-b84b-d40b5c4fe291
215,_:N10502edc96fa44c0a7077c345a5df411,IE003091_OH_DEF,ecf4f3b1-dae3-45dc-b2fe-d0a8acbeeec0
216,_:Ne57b2202ad9b49db87e212a408bbcd4f,IE003088_TH_DEF,6da9c54c-c5bc-4f51-aa1f-d3852fe84240
217,_:Neead401ab9e94b22a27a6c46b587e1a3,Predictive habitat suitability model of Sargassum muticum in the British Isles,E089DB79-3523-4382-97A1-8D94847DFCAA
218,_:N9674d87d747b4f59ae5948525b128d46,DK003028_HabitatsDirective_DEF,1755ea08-dcc6-48db-9c97-1716ab76b847
219,_:Nbf01af046b874503b853e90a750c1144,Irish Sea Pilot Project EUNIS Habitats,0a779687-42f6-424a-91cc-a4cf2733f938
220,_:N2e0bc8f4b26549bb987581abab664719,Mapping the distribution of benthic biotopes in the Summer Isles. Lifeforms,b80b2ede60b52cffcee31a2c78a043d1
221,_:N1cecb819fe864f8ca8ca01818d682bbb,"Habitat Mapping for Conservation and Management of the Southern Irish Sea (HABMAP) Extension project - Combined L3 L4 output, primary biotope.",8e77447b-1802-43b3-bec3-889c5e349c39
222,_:N4a452a46820b40b29437a35b8493979a,EUSeaMap2 (2015) Interim draft Baltic Sea Broad-Scale Predictive Habitat Map,0f9e03e7-0442-4ab2-9d04-266324c96d2f
223,_:Nb05ec68b793e4e52955705398bdc6962,DK003020_HabitatsDIrective_DEF,5eac2969-d1dd-4aa3-9521-c8b1d82468ab
224,_:N92948711ec534d0a853297b574ba1d2b,BroadhavenBay_HD_DEF,1002e2b8-b572-4ca9-ac26-4daf998b097a
225,_:N1b65769d3007444e8279f5dc56a700dd,Celtic Sea Marine Habitats (East),66647da5-2267-4fd5-a923-9b4dd0e8f91a
226,_:N521a7c18717644799f48391f31afcef2,Fucus spp distribution model - Finland,B3C478D6-DC51-49A3-95D9-1DD3EF033CD2
227,_:Na8131598b4ff412c82a0e963c8ef6d87,DK003045_HabitatsDirective_DEF,ee638a4a-9d83-418f-837e-dac7d0a3deea
228,_:Nf483e8001756448dba850a07092307f7,"Seabed Habitat (EUNIS) - Parc Naturel Marin ""Estuaires picards et Mer d’Opale"" - FR004003",f6478161-6361-42e8-9b55-87dd2d8dcec3
229,_:Na63d6040bc9849a186fe01218083886d,"Seabed Habitat (Habitat Directive) - Parc Naturel Marin ""Estuaires picards et Mer d’Opale"" - FR004004",4ad37b36-df41-444e-9896-d27288867efc
230,_:Nb364beb2964d4768a0dd9113357914ea,EUSeaMap (2019) Broad-Scale Predictive Habitat Map - Biological zones (a habitat descriptor),7a11d605-b1f1-41da-997c-967dfee7c51f
231,_:Neb02cc06fcc14f09904e07d13682af43,IE003086_TH_DEF,413e22e8-493f-48bc-a0b6-2f9019a293e8
232,_:N8e55e4c28ade4c779c2e9b10e96b7a75,DK003058_HabitatsDirective_DEF,b2040f43-342d-4029-be8d-2c7ee194fde7
233,_:N8320198863d24f3482a9f896c211a4a4,DK003034_HabitatsDirective_DEF,d4bd0590-5be6-4333-b59d-54176152e39b
234,_:N5bfc398a4f3f4e708317b7ad3b40ca39,MaghareeIslands_HD_DEF,2b651b96-6a11-4442-ba38-2e3cfdd04ff1
235,_:N7c79885230b146049443e98c7aeefe56,DE003004,98cbe40a-9b8d-4438-84a8-9b0114dd35a3
236,_:N65d1b118270b4da685502d47117a1008,Seabed Habitat (EUNIS) - CARTHAM : FR9101493 & FR9102012 'Cote Vermeille' - FR003016,ca5648bd-8d7c-4434-9598-ab706ee4500b
237,_:N674166c1b88f4d2a89dc6a36a338e6f2,Broadscale habitat (EUNIS level 3) for Land’s End (Runnels Stone) (MCZ),603bd3a0-702e-4b24-876f-03008a84e72d
238,_:Nf5c40044e7fa4ae4a5b7c18ed4f74083,DK003001_HabitatsDirective_DEF,80a8954f-15ef-4762-b6da-580340387b7a
239,_:N24aaab5bc95841a7bc041af48a05dedb,ConnemaraBogComplex_HD_DEF,8c59688f-0666-44d1-9106-86c3c9d1d117
240,_:N1bcb66cec2d3448a8894952de2cc9a9e,Distribution of intertidal Zostera beds around Northern Ireland 2012,b008c5ff-dd0f-4b9e-81d0-ec04209c5b5b
241,_:Nee23bc60fdf04f9694e795c63e97ef14,Seabed Habitat (EUNIS) - FR2502020 'Baie de Seine Occidentale' (Cartham) - FR004006,f55cc630-5a47-4e33-99d2-e28ebefc8d89
242,_:N1843897f126e447387cda7e5246197fc,EUSeaMap (2019) Broad-Scale Predictive Habitat Map - Confidence in classification of energy levels,8cf47865-8903-4ac1-92b6-8c8fd58712dc
243,_:N5715544ef03d4f278d6cc0cc4084f562,DK003011_HabitatsDirective_DEF,26b183bd-103a-4c69-b9ad-1d7ed5ce3b82
244,_:Nbf24c803c04845aaa8792792dfe85330,ANNEX I habitat for Stanton Banks SCI,b71bbff1-23b8-45b2-8bd3-1cb3223dd3cf
245,_:Nbd17a7799e8e494abc03a7b318555231,Predictive habitat model showing distribution of Pheronema carpenteri in Irish waters,4CC25F31-D8F5-4A68-A380-A12E7FB5D31A
246,_:Na0f311461d5b4d9e885c1815fd51fca9,Cumeenstrand_DrumcliffBay_HD_DEF,a9209217-b974-4018-82ac-20fc8a6c7692
247,_:Nfdacbbaaf05d42a08fece56660dbc354,Broadscale habitat (EUNIS level 3) for the Goodwin Sands recommended Marine Conservation Zone (rMCZ),6378aeac-e289-4f83-b095-9a70d1614ab9
248,_:N6dcdbc29aa5d4ba8a43f4c3faa346fb7,EUSeaMap2 (2015) Interim draft North and Celtic Seas Broad-Scale Predictive Habitat Map,394c29a6-c8d3-4258-a332-b84d5b0052d0
249,_:Nc15bf1cffd4f428e9c5266e5882c5d78,ANNEX I habitat for Anton Dohrn Seamount,80101f89-6b1c-4887-b9cd-9c84440908b8
250,_:N06188f24e64e44efa18b7c01b22635f7,Hartland Point to Tintagel recommended Marine Conservation Zone (rMCZ) BSH,a879e8e7-3401-4147-9c01-91b06167df03
251,_:Ne3c40430c2dc4d3981dea0ed826a8631,Benthic biotopes in Ropotamo SAC,65d1e3ec-eaa0-4793-b1b2-6e93f4a067cf
252,_:N7d4690fd5b6b4d36b43af8199e0d22e5,DE003000,f93a6f2f-03eb-489c-badd-3955d41b7ecf
253,_:Nfdbf2d0ee8b048a5ac1f95e067024eb9,Skagerrak Natura2000 habitats,63ef3924-70c7-4deb-a81d-5aa4b02406b8
254,_:N10116208e58b49c7a831ff1e5b161206,Global habitat suitability for Stolonifera cold water octocoral,CE03CABE-52BE-4024-887B-B33DBCE285A7
255,_:N931281e76fe14cdf89d05ab4e52a1a90,Seabed Habitat (Habitat Directive) - FR9301624 'Corniche Varoise' (Cartham) - FR003043,d6178009-e39b-46d8-9be5-ffaacf5a45cf
256,_:Nf9bc39fe45b34f9494162453a6e46f4f,"Kinetic energy at the seabed due to waves - Celtic, North Sea (mean of annual 90th percentile)",2a2659c4-ce1b-4feb-81cf-a2bcbc362a3f
257,_:Na2f8f4e2ac17409baac00cc28aba5884,Broadscale habitat (EUNIS level 3) for Whitsand and Looe Bay Marine Conservation Zone (MCZ),f38b8056-cdd5-4315-84b3-02e829101aed
258,_:N840fa101c8944d20af5a66dead0075c2,EUSeaMap (2019) Broad-Scale Predictive Habitat Map - Confidence in classification of salinity regime,8775c595-37e8-4333-9e7f-b41ff9265f18
259,_:Nd6bad3797eee41e28f0c55d6b81467f2,Habitat maps of the Protected Area of northern Karpathos and Saria (GR4210003) (December 2020),5877d808-3fd7-11eb-b378-0242ac130002
260,_:N6478d7dbd89549e699091aaf3b416cda,DK003072_HabitatsDirective_DEF,22ff234d-408d-4976-b980-58370349746f
261,_:Nc6fe0856da7e4c83b6d5bbfe8d0e3a8b,DK003042_HabitatsDirective_DEF,c4aa2c6f-9a84-4522-b411-20c5f14909f1
262,_:N05cf4b553bc7463abc57e12f4f0f2704,BlacksodBay_HD_DEF,d9e47451-ee4a-41b5-bea5-9c80d0d6d66b
263,_:Nbcc68b7e0d624bbf93a3c7bad514cd38,Predictive habitat suitability model of Laminaria digitata in the British Isles,05C34C4C-3647-44A9-8CB5-1683E03CD767
264,_:Nf864049f76dc48a194e06b278f6c89f8,Predictive habitat suitability model of Saccharina latissima in the British Isles,FF25B8BE-1BA8-4FB4-A4AF-E68F786E68EC
265,_:N7b8e65694943457fb50d9f33ba882e45,BG004003,eef4e931-8a7e-4e48-b04b-c3e5e6b304a0
266,_:N197a243a6ef44e2387ea19064a4bc4e2,DK003048_HabitatsDirective_DEF,4fc78d92-7a26-4833-9c72-81083312bafd
267,_:N541300b4e24948cbb9ac381c9fb9fee0,WiclowReef_HD_DEF,5a585dff-ac82-4887-a443-04e5f4bdbae1
268,_:Ndabdc9517f2643738af13e194daed1ab,BannowBay_HD_DEF,7689ca54-5284-4015-9da3-21c6c1584cb9
269,_:Nff08849accb7490cadcfc6f1acd3ba35,Morlaix habitat map - Carthem programme,7b79ab80-c3ca-42fc-b5c0-f9fe18a479bd
270,_:N686c118067a34f20bcd6c06287da9a27,DE003001,82f3d536-e4f6-43b3-9c77-966d5cddc1b2
271,_:N1ad8f4baa9c44eeaab834453141631bb,IE003093_OH_DEF,60db2db2-c29e-49f7-ae23-eac40b4c8904
272,_:N9f85258e754c47ecbad31e3823b5a3d2,Areal Extent of Seagrass Meadows (Essential Ocean Variable),39746d9c-4220-425c-bc26-7cb3056c36a5
273,_:N005a9f3e4b7b4c3cad4b98e0499868d4,Gravelly sand EUNIS seabed classification West of Greenland,9F77979D-164D-48BC-93EC-C54768FE8A25
274,_:N9d38e58f3f02408585f9cb89da68c4a2,Predicitive habitat model of Lophelia pertusa distribution in Irish waters,BE525CC7-6B65-4F55-96D2-0A4D51D2311B
275,_:N2e5b64d2914b408890804c98e401cb5b,Predictive habitat suitability model of Laminaria hyperborea in the British Isles,8BC88B70-49BD-4546-8B6E-31E6B4236D6B
276,_:N02889b64c6764b70801b1de9065b9bc4,BallyteigueBurrow_HD_DEF,1f0e6d0c-7a16-45f3-8060-17ebcabdaff1
277,_:N07fe5a4117f646e993ebc85dfef71d98,CCO Ramsgate to Dungeness Seabed Habitat Map,1aa7266d98c1c1a19b5da3d7977b402e
278,_:Nf22aa934789447c9b36043d69f0cde34,Habitats marins du site Natura 2000 - Dunes et Côtes de Trévignon,df46b493-50b3-4feb-a23d-1044d247e5f7
279,_:N6fd82546c21443dc9555093087f15c64,"Phoronis, Tellina fabula, Thracia phaseolina, Ophelia borealis, Spiophanes bombyx, Branchiostoma lanceolatum, Spio arndti abundance model in Baltic Sea",3CC75763-7E2B-402A-95E2-856A776B633F
280,_:N46c43ded80134d43bef8552c739f29cd,KillalaBay_MoyEstuary_HD_DEF,062ad2cb-c262-4f66-a741-6f9c017a70a8
281,_:Ne733eec840e24002905760983a26bb2a,2014 Seabed Annex 1 reef and reef subtypes for Pobie Bank Reef SCI,ad8d2b01-d7a9-450b-a396-ade4dfb05323
282,_:Nefd181da513542d49d891721641129cd,Kinetic energy at the seabed due to currents in the Atlantic,d72bfeca-ceb5-4faa-b7b0-e95db8c6310b
283,_:Nea77d6bca01149a0ad9052cee6682c25,Habitat map - single: Rivisitazione di alcune praterie di Posidonia oceanica lungo le coste delle regioni Liguria - Toscana - Lazio - Basilicata - Puglia. Subste relativo a Toscana e Lazio,6527725f-3a43-477b-8239-452fee09bc35
284,_:N0afbdad91cb945d79bb0a3bfde78ab65,SlyneHeadIslands_HD_DEF,7644a7bc-385d-4197-81e6-f5cdce73ea58
285,_:N0579999ef99d4377826020305ae2eb09,DK003030_HabitatsDirective_DEF,02c24fdf-5d41-4918-b6f1-8e105bd40bef
286,_:Nf9145b859ad84d9998360bda9026aea0,ITE Wash Birds and Invertebrates report 1988,65312a9ed2830b14259ce04d88b8d67e
287,_:N60d86e820fcf4548bfee2df634d7c5df,Kinetic energy at the seabed due to currents - Mediterranean (mean of annual 90th percentile),f1e484ac-6049-4711-9517-5062556455ca
288,_:Nd957d3ce48a4403b8e3f80cc9cc114a6,Areas where ice concentration is more than 20% in the Barents Sea (mean over 1 year),d7953b05-2cd7-4155-93ae-04c739872e96
289,_:Nb45b0120f7e645a4a28c9846a139e8e8,CarrowmorePt_SpanishPt_HD_DEF,2295fb15-8da3-4080-8114-9ee5da9ab70b
290,_:N5555d53b82fb4843ae8d6de4a78d88a5,Confidence in kinetic energy at the seabed due to Currents - Norway,e97c0a25-b469-4de6-9211-3663d19decc8
291,_:Na7b945e7d5954097a1da53ceec1e6ecc,EUSeaMap (2019) Broad-Scale Predictive Habitat Map - Confidence in classification of EUNIS/full-detail habitat types,b9bf939a-fa75-40c6-b909-8079229d920e
292,_:Nc646e6c20ab34de1aa6c6f0640842bba,Krieged BroadScale Substrate Map of Swallow Sands rMCZ,a24cf2a4-b0b8-456c-b09e-0cf56225cc89
293,_:Nb05c5238eb04443bb77f2c01fdd6004b,RO003101_TH_DEF,22acfb70-6192-4b24-ab59-533d83d1b0c2
294,_:N1d53a8e2573a49b0ab643c3e65905316,KerryHead_HD_DEF,00e868df-5dc8-4da8-b56c-40897b2ef7e6
295,_:N750b9869e1bc4a3387ad1e4e01312ec5,Teesmouth and Cleveland coast EMS Rocky Shore Survey 2010,3c2595b4b0cffcddbf4e6498e48a2977
296,_:Nda309096341d49a8b28c069abb0a330d,DK003076_HabitatsDIrective_DEF,f529f277-2ec6-4af9-a638-4435185bbeb2
297,_:Na083ed415fd54833a08efd58e4bb60d1,RutlandIsland_Sound_HD_DEF,8897230a-f70e-4450-8c0c-733af89ab09e
298,_:N7188f5158ee2449582513008ca3c3a05,DK003023_HabitatsDirective_DEF,f9719ef4-3f97-4d12-8a01-5b52a61a7c95
299,_:Nae8fd583cc2e4e5f8ef41a1b4b866d5f,Areal Extent of Macroalgal Canopy (Essential Ocean Variable),913a0ee4-45d7-45aa-8de2-3d31af0f7c0e
300,_:Neb1ae870eba2460bb686a371efd3a37b,DonegalBay_HD_DEF,7c054915-a9d8-4dbc-b3c9-3b1cf73415f7
301,_:Nb4205b46a4964e62b1ab20ea96d94f38,DK003007_HabitatsDirective_DEF,213e0e22-c352-42c7-852f-59cf879964e8
302,_:N9e044fea96cd498e912e683ff3a31294,BG004001,0bf67a42-b478-4ac5-b0df-3e5e9aa638df
303,_:N4f2f43cc22864510b801214ee7098f54,DK003055_HabitatsDirective_DEF,4fd247ae-8857-497b-b705-95bf76e31134
304,_:N87707810e22043e997b50be69ddf4f22,Map describing potential MDAC coverage within pockmarks at Braemar Pockmarks SAC,0482e5ec-fcc2-4277-ad69-7600aec9f730
305,_:Nd4a9387793364473ba2be9c3589fb646,"Seabed Habitat (EUNIS) - FR9402010 'Baie de Stagnolu, Golfu di Sognu, Golfe de Porto-Vecchio' (Cartham) - FR003079",2664951d-eaeb-42c2-a370-f03e5eb6d047
306,_:N1bbac1aa19b8435cb76ea6f753139009,Belmullet Seabed Habitats,2af1bc60-da41-4825-9966-41bbc965c3e5
307,_:Nfe5e893f209b4798b0824d407f6bb5e4,DK003036_HabitatsDirective_DEF,61f87ef6-456a-429a-bd8e-4aa00bedb3bd
308,_:Ne2393b82305849daaf31f2b471c1b70e,OSPAR Habitats in the North-East Atlantic Ocean - Point records,9ab81453-752f-4701-b66d-f51466fd43e7
309,_:Nca71bddc5aa9423ea8fe44fc16f87a08,2012 Natural England (NE) The Wash and North Norfolk Coast SAC - Baseline Monitoring Survey of Large Shallow Inlet and Bay,0ab20f63-370e-4fd2-a454-527e94777cfd
310,_:Nc3cb4eb55ce847cb91e36b249275bbb7,EUSeaMap (2019) Broad-Scale Predictive Habitat Map - MSFD Benthic Broad Habitat Types,ff0933f1-d6df-45d1-8c4e-3f5a95a2296e
311,_:N4b1f5396f25449fdae2a571de7fcb0bf,Bunduff_Trawalua_Mullaghmore_HD_DEF,41956550-0fa1-4387-bdc8-2315b0eaf8c1
312,_:N187fc3e52f614eca8d980e1763d44085,Marine communities of the coast of Almeria,8554b909-e419-489f-bbb1-ed06e460772e
313,_:N8c7f53de8cfb4de8b09d60684a44238d,DK003025_HabitatsDirective_DEF,d8b4d075-0a0d-4e7d-8eb4-cfda27c26616
314,_:Na3a07f092ea84e9ca6acfe41e4f4355e,IT004001,e14e1bc8-e52b-4460-b5b3-b5550520728f
315,_:Nd895fb4e62964f33b59e2b5c83707369,Humber Estuary Intertidal Habitat Status Report,dd6d66e83c8e772dc3dc4dcb456ddcf1
316,_:Ne4b20dc6c6994119820b505f9407bec4,Confidence in kinetic energy at the seabed due to currents in the Atlantic,ed9a6fa9-d134-45b5-9080-b5642f1cdc5a
317,_:Nce07669d4e7c41d99e07557892710736,"Seabed Habitat (EUNIS) - FR9402015 'Bouches de Bonifacio, Iles des Moines' (Cartham) - FR003070",2ad36744-72d7-454d-840e-79caddadd8ad
318,_:Nbd65c0d189b941af872e8873a83891db,2013 Natural England Verification Survey of Intertidal Sediments within the Thanet Coast rMCZ,0c930ea1-1ad6-4ee9-8dce-ab4191e4d265
319,_:Nba655b00ffa142cab5fed47f995c12f6,NorthInishowen_HD_DEF,976b0891-164f-4acc-93d0-e8da74c70f49
320,_:Na55d04c2214c4810bdc1c42e58e07085,Natural England Site Information System (ENSIS) Marine SSSI data,9dfe33f014df4cf4facabea5294bcb1c
321,_:N2f34be0389b945a5a8562d924ac1efa8,EMODnet Seabed Habitats collated habitat maps,061c9d9c-8dc4-449f-8ac6-758840253fc3
322,_:Nfa384680f3cb41b4a11845f60c59dfd5,EUNIS L3 Benthic habitat map of the Basque Country (SPAIN) - ES000001,4b0c6403-9ec4-4128-bd90-5a325a437d78
323,_:Nce787047f6774fa19f96971df6b0eef9,GreatIsland_HD_DEF,77b50a5a-702c-4c45-9d73-27f7882709c4
324,_:Naced1e2872dd4a389b8c6a811bf1c708,"Seabed Habitat (Habitat Directive) - FR9402015 'Bouches de Bonifacio, Iles des Moines' (Cartham) - FR003071",c0c687e9-6e45-4496-a9ef-9cae03f9b9a8
325,_:N2f9e00d5f06a4562ad027872a6ba505a,[GB100397] 2015 WFO Mussel Stock Assessment - Eastern IFCA,9ea5e947-3512-487c-9919-660e612147a2
326,_:Nd71c332f81f74932badf965e41ed9918,DK003040_HabitatsDirective_DEF,8b0d9488-3fff-4896-9a83-12f3969dad5b
327,_:N8911b4af68084fe78db7bd338021789a,Seabed Habitat (EUNIS) - FR9402014 'Grand Herbier de la Côte Orientale Corse' (Cartham) - FR003055,dc38556d-a9a4-4a54-9200-6b2ac634db2b
328,_:N05fef01488464a019562fdfc0a80cf40,Seabed Habitat (Typologie des biocenoses de Mediterranee) - FR9402016 'Pointe de Senetosa et Prolongements' (Cartham) - FR003069,9ab754a5-adad-47e2-817e-2bc0ea6ccc69
329,_:N9695989a423544a7bc07e8d66dc000dc,DE003005,f55fb217-95e8-4b41-a1eb-5d8133d6c1e5
330,_:N977dd2209765423d85356a7c7d430de2,North Irish Sea Habitats,0ffa22d0-bf19-48ae-9bcd-4d92b599c09b
331,_:N2ea8ae0d843d406c8694c2832baf2627,BlackwaterBank_HD_DEF,37b3a9df-2c02-473b-9045-35baf2649875
332,_:N0a5c50f2cb524fd9864d0fc8f3665088,DK003070_HabitatsDirective_DEF,ee9b65dc-3ca7-4479-b037-34e7fda6b423
333,_:N18e334c8322347ee9d734cd0cab99d82,Seabed Habitat (EUNIS) - FR9301624 'Corniche Varoise' (Cartham) - FR003041,5bf057ef-2cc0-495c-b025-88156f28c09e
334,_:N44f0c89b7c7a412e936f32fd948f2368,LadysIslandLake_HD_DEF,afc4900d-b2f1-4b0b-a662-006fd50ed341
335,_:N925dd9cf88bf4114b362e378c1f621b1,Krieged BroadScale Substrate Map of South-west Deeps (West) rMCZ,f40af0d6-4ca6-41a8-b0cc-1021974f8b17
336,_:Nd5b366f7795e420fbe7d058058ebe0d1,Seabed Habitat (EUNIS) - FR9301999 'Camargue' (Cartham) - FR003028,552a44a7-e1c0-47f4-9dfe-6eeed61a3ec3
337,_:N2f69d9b058f149bb9b024ea2c67905f3,Global habitat suitability for Alcyoniina cold water octocoral,D1F56273-6DEB-42E9-B078-6EDC1208CA61
338,_:Nc14a33cda2364ea097a399620a7851e2,KilkeeReefs_HD_DEF,28c73a65-50c0-4b0c-aece-8997247c87d8
339,_:Nff2ecd98146d4d30b1a932cf78ff47d7,CourtmacsherryBay_HD_DEF,8f2cf253-c2af-42c4-9c3a-c1ede34cf5ea
340,_:N1e38cadb26d54c2c95f5e665b88579bf,Seabed Habitat (EUNIS) - FR9402018 'Golfe d'Ajaccio' (Cartham) - FR003064,95822115-c5bd-48a8-8e9d-368aeb835486
341,_:N3901e7f12657448c8f302f605d028be2,Habitats marins du site Natura 2000 - Plateau du Four,cc0c3c1b-c971-4a5f-94a5-4bfff4b93c18
342,_:N4fb6ea8d19014e1fadc9df6d4d90cdec,Kinetic energy at the seabed due to Currents - Norway (Institute of Marine Research - IMR),84a33d94-b762-4f85-a5ed-d0d3ca37fc01
343,_:Ncde129ab64bc4e5283481d837cf5250f,Seabed Habitat (EUNIS) - FR9301999 'Camargue' (Cartham) - FR003027,f9afbd7e-760e-4d1e-a356-91b5e7960c2d
344,_:N7ccd5fc88fa14305a3c3390025e7c12e,Marine communities of the coast of El Hierro,1ebecf50-b735-425d-a3a6-43fdcddc1fda
345,_:Ne8923c8adf7443c4a1f87c72469c3f91,Marine communities of the coast of Cadiz,68db2950-92b9-48e8-b2a9-e13ebcafd5ed
346,_:N8f3f7f5fd3c245f3a1a309f4e340f836,"Laminaria hyperborea distribution in Molene archipelagos, France",A55DC9D2-821E-4B38-BB0F-CABF867B787F
347,_:N4b46b5127b324a5eb44f1697d8d9f258,Kinetic energy at the seabed due to currents - Macaronesia (mean of annual 90th percentile),a67af782-81c7-4ca0-9d6b-bfa894ad4eba
348,_:N95af2f5d08ef4d06a726c5f5204c3ae7,Light (PAR) at the seabed - Europe-wide,90669dac-a9cf-4e25-94ae-96e8c5e70005
349,_:N01a2fe6e95944564ac8517ea9bd1ee2a,Roaringwater Bay Marine Habitats,0185497b-a8fe-4560-92b5-f0b37d50c186
350,_:N7f038ef0c6dd46278947d37ab01cef99,2013 Natural England Verification Survey of Cumbria Coast,9cc29859-38bb-489f-8c41-3712e6f29958
351,_:N6f4642df6d724c62827eb57b9a445555,Global habitat suitability for Scleraxonia cold water octocoral,71EECA9C-2962-4C11-913F-99D5F6B8C50E
352,_:Na23e2785c10c48d2b6ce8310ca25580a,BlackHead_HD_DEF,fad25ce9-928f-4323-a9bb-ef11159ee6be
353,_:N247cb9542ad14914afe9c572b0969609,Morlaix habitat map - Rebent intertidal,5dd0c5e9-3204-4b42-a790-a6f1268aeee2
354,_:N66d0b1b4ee2145ada5ffbdc7ad64198b,RogerstownEstuary_HD_DEF,59483554-b490-47cd-b81f-aa5251ae8d70
355,_:Nc3f02bc40e0a446c8a70414dbadfd474,Biotope map for Strangford Lough (Narrows),7c032c84-98ed-4fe8-a2f2-35fac369df40
356,_:N8d30390554f143cbba1725b7b6c5b342,Seabed Habitat (EUNIS) - FR9301602 'Calanques' (Cartham) - FR003031,88ec1932-b1bf-47b2-955b-17ef56557370
357,_:N6f67a537fcc940babaf8591cd74ab3d2,"Broadscale survey and mapping of the seabed, shore habitats and biota at St Kilda cSAC. Lifeform",1fe743d16c37fee90d338066b6e31074
358,_:Nbed05c172919489789245888fc6a9529,Cork Coast Nearshore Habitat,910fd3e5-a7b6-42ef-9003-e8e9f63518aa
359,_:N298ca18fcd6049619d901aed5763ec1a,NO003004_OH_DEF,4558d001-c471-4a99-a2cd-6f730758aba1
360,_:N5b9d41bbb0424c1db84878389918e5f9,NO003003_OH_DEF,f9c8e79b-4827-4fdb-8bbb-7f12b8abee27
361,_:N25d9ce7eb9c34ff6914884593f86effb,EUSeaMap (2019) Broad-Scale Predictive Habitat Map - Salinity regime (a habitat descriptor),38ad6833-13ba-4232-a19a-953bcdd72cf3
362,_:N91220a2a1b9348f6b35a2013e5bd8a59,Seabed Habitat (EUNIS) - FR9301592 'Camargue' (Cartham) - FR003025,386c36a1-9acc-4117-8a87-8829a2c37fed
363,_:Nb6b1c6295a82489ab0938e550d52b15a,EUSeaMap (2016) Broad-Scale Predictive Habitat Map - Confidence in Biological Zones - ARCHIVED,b3c3e88e-5469-4bd0-8c3e-5818773158c8
364,_:Ne3b1e8c5bd004f87855e24731f001f4f,SP003015,1786b575-064d-43a1-9c0d-ff7943e4754a
365,_:N58643a357783474f9d7f0b6454891978,DK003015_HabitatsDirective_DEF,ddc446fa-6a4a-45f4-a857-52451325691a
366,_:N5a6f36c86bca4b1c8c54284ac104f466,DK003032_HabitatsDirective_DEF,5d4acc5a-ea03-46fe-a8cb-f806c994ff53
367,_:Ne80d91c559f64ec1b0321449a20af968,EUSeaMap (2016) Broad-Scale Predictive Habitat Map - Biological Zones - ARCHIVED,ad20fbc7-37d4-40b5-a246-8cdb321e4654
368,_:N7367d2e6c9984e5f898b89ea481522f8,"Zostera descriptions North Norfolk Coast - Cley, James McCallum 1997",5e4548bf-843e-4a9e-917d-d4a46df1c50c
369,_:N98ac417da9df4f3e8dd82dbb0521be02,"EUSeaMap2 (2016) Broad-Scale Predictive Habitat Map - Energy class (Arctic, Atlantic, Baltic)",e43a1300-bfd3-4aff-aa0e-71dd7e75fa24
370,_:Necf29778418447d1b8a0c006256f4913,LoughHyne_HD_DEF,758f05fb-de3c-45bf-a800-54faf2ee9559
371,_:N66a99ce01a474141a688699bc051c344,Celtic Sea Offshore Habitats,7df77d4e-89a2-4f73-8ff3-1da2a0cfd556
372,_:N0a78428ef27c4290abfd3f6569244f07,Caratterizzazione bionomica dell’AMP Punta Campanella (Bionomia),ab66551d-b958-4d93-95d1-b63789ea29fa
373,_:N492e61d1d06843d69033a55c6d9e7f8c,"Seabed Habitat (EUNIS) - FR5300017 ""Abers - Côte des légendes"" (Compilation of maps) - FR004012",4c3ed5f3-eb6d-44b4-b6ed-0aacf4930bd8
374,_:N2655dcce668f472c8e407dd005efff9f,Seabed Habitat (EUNIS) - FR5300017 'Abers - Côte des légendes' - FR004011,81f82d38-857c-42b3-a3d3-df5a733d4df4
375,_:N8e581fb4b76c4d4f98c52f1080f598dc,Seabed Habitat (EUNIS) - FR2502021 'Baie de Seine Orientale' (Cartham) - FR004005,29de7534-c51f-11ea-87d0-0242ac130003
376,_:N6adba05e4f96484bbf3c4c5fe8aadb69,Seabed Habitat (Habitat Directive) - FR5300033 'Iles Houat Hoedic' - FR004025,ff55c9c8-4d58-4c30-8fd7-3a0ecc5addf5
377,_:N640cf591afe84154aa3d8d1dbc8b7b8e,Seabed Habitat (Habitat Directive) - FR9301602 'Calanques' (Cartham) - FR003032,b0070500-b5b9-4ef4-aa1e-72e9a737714a
378,_:Nb5c315ff02ff460083f1918431b6fc3e,DK003016_HabitatsDirective_DEF,a6a228f8-a58d-46bd-a426-437cebbcc50c
379,_:Ne088038c137847e1a0dee16f72230593,Southwest Ireland Seabed Habitats,14821af9-9ea7-4faf-ac45-4efe3b0d13a7
380,_:N6b2d8afa33a1436da46b11f4e84d4469,EUSeaMap (2019) Broad-Scale Predictive Habitat Map - EUNIS classification,01bf1f24-fdcd-4ee7-af8b-e62cf72fe2f9
381,_:N25a88382143047038d5d99f5d47f24aa,Confidence in kinetic energy at the seabed due to waves - Macaronesia,1a43bd71-c627-4f98-b602-d3e809c07087
382,_:N389efd7429614ff5b3b7999ea4caec88,DK003063_HabitatsDirective_DEF,5939d8cc-44b7-494a-a3d9-2a33a4c980a9
383,_:N4c8046b51fed482ab6ee9154d0c15dc5,Marine habitat mapping within the GR1110006 Natura site (Delta Evrou),08542d34-bfeb-4f13-a2a1-0104c109e1cc
384,_:N4d5a6dbe426849bfbe338fe746db7624,StreedaghPointDunes_HD_DEF,b0c33f35-e410-4fb7-a0cd-be55c2a880d6
385,_:Nf627051229e443628b5e034a96b1aa14,IE003094_OH_DEF,d424fab7-1469-4b73-8b43-def2d2c8f334
386,_:Nf9fc6e4fa4754b25b3202f502d9b5d54,DrongawnLough_HD_DEF,b5d29006-45f8-4089-ba0b-d0593bf81714
387,_:N741ae3e4f3f64c64b17c917c9f16cc3b,South Irish Sea Habitats,086a34bf-6863-43da-84c3-a9629cca73de
388,_:Nb34e3cc39cba48c0ac365086332dbe7b,Predictive habitat suitability model of Pelvetia canaliculata in the British Isles,229CD12B-42DD-4447-8C28-3A012F67BD52
389,_:Nc2c2ff0292744b46a25ece52f3137a46,EUSeaMap2 (2015) Interim draft Atlantic Seas Broad-Scale Predictive Habitat Map,9c7d870e-9a83-40d5-813c-f0bc0bb474ff
390,_:N66162fff7c1e40fab73d4481bf2e3e53,IE003084_TH_DEF,72994a9e-3231-401e-8b8d-87b760708256
391,_:N3b19359df09e4998960bcd31bb2f95e9,Predictive habitat suitability model of Saccorhiza polyschides in the British Isles,357DBD29-97B9-4FFC-B8A1-A92ECF28F1C8
392,_:Nc0d4f29dee914d7eade1723fa02096f0,"Marine habitat mapping for the Vatika Bay, Peloponnese, Greece",80b4144d-47f7-4225-a968-3f9df7a5f53e
393,_:N040f45dc8fc74a50bb36d59bc6c8e711,DK003049_HabitatsDirective_DEF,67ca5420-c599-42af-a381-de3f5f7db544
394,_:N36d414788adc4517addb2da082a14faa,Habitat Map for Runswick Bay recommended Marine Conservation Zone (rMCZ) BSH,c533fdbd-1ea7-4654-8fc2-45942aadf85e
395,_:N146d49cf9b3d482685885738a17574b7,Broadscale biological mapping of Morecambe Bay. Lifeforms,579a3f6f5ae22d240ecd0f0cd1419628
396,_:N26c0d77843c54541963c5fb1a844d40c,Seabed Habitat (Habitat Directive) - Parc naturel marin Golfe normand breton - FR004020,be56aace-2f70-4616-b19c-765db8fd87e8
397,_:N831769a49bda417bbfe58a483b9ecdeb,"Tellina tenuis, Ensis directus, Haustorius arenarius, Lamprops fasciatus abundance model in Baltic Sea",B3EC3C79-10F3-42EB-88E0-CBA0E6F0F7AC
398,_:Na89d43f31dab459b82c6d3f457bbffaa,DK003010_HabitatsDirective_DEF,0fe425e2-e8d2-49a9-8902-2c2816d38514
399,_:Nd2c1288a166e416d8670bb13a61796e9,StJohnsPoint_HD_DEF,13377ec5-7521-4065-ac34-8fc90ea20105
400,_:Nb46c4f3918a54af3b403cade87bf49a5,Roches de Penmarc'h,7fe08dec-09a4-4fe7-b574-9fc8e6feb11f
401,_:N0f1301dcc3854ca7a97685294609be09,Light attenuation coefficient (KDPAR) - Europe-wide,f453edec-bc5b-40b8-9063-1de3727b2eaf
402,_:N2ff821091fc5458890dab6cbc5656036,ClonakiltyBay_HD_DEF,2b4e1dcd-d5bf-4aa2-ae10-dc0aab232df4
403,_:Nb64fe00cfb324996828dab1adde141e4,EUSeaMap (2019) Broad-Scale Predictive Habitat Map - Substrate type (a habitat descriptor),f7d5a168-0097-4437-944e-cc63111d15c6
404,_:Naaa7fac5fb0f43abac2c065552e4d172,TraleeBay_HD_DEF,6195b22f-800e-4a05-ba1d-b11810b707be
405,_:N4983117b00d1429390815771f0854c9e,Bedrock with mud EUNIS seabed classification West of Greenland,7AC91E52-2976-4B54-B858-EFA2FF079823
406,_:Naa8b85a070e047e69fed1f3e579fc1de,90th percentile kinetic energy at the seabed due to ocean currents in the Adriatic,fb9d0755-455d-400b-90e0-1f24de433292
407,_:Nff69c473ccb24670ac4b7d2bf133e4b0,"Hydrobiidae, Pygospio elegans, Cerastoderma glaucum abundance model in Baltic Sea",33f67438-e8bd-4b4f-8eb4-768b3abf6087
408,_:Ndfe59b50417c4b33828a21e66072c45d,"Map of MDAC in the Holden Reef boundary region 2017, Wales",47acbaca-3c35-441e-b043-5ee74d988191
409,_:Ndfe59b50417c4b33828a21e66072c45d,,47acbaca-3c35-441e-b043-5ee74d988191
410,_:N2e56ca8c2dc24087b4e924cd278ce49a,North Sea Natura2000 habitats,d79412eb-39eb-4540-a29b-4a08f999e96e
411,_:Nbe63bc018fd149ae963d14404e51b35d,Isle of Man sandbank,9dfebed771e02a4f20537bc5d42f87e3
412,_:N1c063e417f0549b0914168c06c0968b7,Seabed Habitat (EUNIS) - FR9402016 'Pointe de Senetosa et Prolongements' (Cartham) - FR003067,13f40cde-ef59-4ba1-b9c7-9d32ff75db79
413,_:Nbd3dc6ed456d4908a004b13e4bc4cda3,CarrowmoreDunes_HD_DEF,b6a30ecb-7f4e-4771-b95b-0f27023dce68
414,_:N74460b22949e47978107d49dc93452f6,Seabed Habitat (EUNIS) - FR9400570 'Agriates' (Cartham) - FR003051,2301d2d5-c217-4393-ad76-52f470a2d744
415,_:N4c555876418e4e3994aec9248c4f1fcb,West Shetland Shelf Area rule based top down benthic habitat map 2013,b583d5ed-2526-4cd2-ab69-7a6b8915f59f
416,_:N05a8691e14354e3da6955b1e1f03ccee,BallynessBay_HD_DEF,4f2a8bf4-4501-4818-ab9a-1fe7ce965dad
417,_:N35f6cc2830fb461aa12742b2c35a984f,Seabed Habitat (Habitats Directive) - FR9101436 'Cours inferieur de l'Aude' (Cartham) - FR003020,0003b787-5dc6-4820-bc92-3599a6ce116d
418,_:N2f5d75f03a39494a9df774a784ba4bb1,DK003051_HabitatsDirective_DEF,55a69574-3028-4e8e-bb05-41d0859e2195
419,_:N1a321585e31144fd98b77ddd52b02ea1,DK003071_HabitatsDirective_DEF,bd674c61-d972-430f-b49b-540c3f62cf0a
420,_:N9df5a9ecf1a744dca25e9ec01bc4e8d8,[GB100398] 2016 WFO Mussel Stock Assessment - Eastern IFCA,dd09b316-b627-4245-b6a5-80a4c20d50c9
421,_:N82bd05849c4f4eecb2d0c617e8fa3b34,EUSeaMap (2019) Broad-Scale Predictive Habitat Map - Confidence in classification of oxygen regime,669fd48c-db3f-4aec-bd6f-b1361d999e25
422,_:N6ef72710254141f08ab571a7c37d558c,[IT004013] Studio di fattibilità propedeutico per l’istituzione dell’AMP “Isola di Capri”. Parte II. Caratterizzazione floro-faunistica e delle biocenosi bentoniche (Fanerogame),30f028b6-ed42-43fe-bef7-340ac5c59b47
423,_:Nd0a8c567d59d429eb96b7686404b4ee1,DK003064_HabitatsDirective_DEF,8da8e84f-a3cc-4175-b0ab-8bde4fc325d2
424,_:N24ee8e5148ff48ff83489b00f836b2eb,"Mapping the distribution of benthic biotopes around the Isle of Wight. SE Isle of Wight, Lifeforms",53f9c01cc38237f1655fd6c4eb9987d0
425,_:N701bf80b2ebe45a6a07009efb31d2af1,EUSeaMap2 (2016) Broad-Scale Predictive Habitat Map - Confidence in kinetic energy due to current values,18db7569-71c0-4ec4-be40-1f28b889c487
426,_:N1b2efa3bd4a84351950e867d4e9a930d,EUSeaMap (2019) Broad-Scale Predictive Habitat Map - Energy class (a habitat descriptor),e382ad46-d215-4cea-b142-0f5b92e8e588
427,_:Nd608f2e722f244248b9ec3311cdb6fab,Seabed Habitat (Habitat Directive) - FR5300009 'Côte de Granit rose-Sept-Iles' - FR004021,ff229a1d-52f0-4e68-871b-7abaab747b8d
428,_:N2a734187b8ae4ffcb9ed62e5a05c447c,Kinetic energy at the seabed due to currents in Iberian Peninsula (mean of annual 90th percentile),d95ef3c4-b688-4805-8ad8-26e57066c787
429,_:N78fbbab19fbb4d4f96611275cda6d596,Confidence in kinetic energy at the seabed due to currents - Macaronesia,bd788325-c9ac-4b09-b3c7-3c6dff535f64
430,_:N69c89375806a4f1f9b0c5f98b0b9e9d4,Seabed Habitat (Habitat Directive) - FR2500085 'Récif et marais arrière-littoraux du Cap Levi à la point de SAIRE' - FR004018,2814f974-aab3-40be-b25c-8c1169bbf52e
431,_:N9e23cf36f2f948b7a30d83ec4aa57b5e,"Habitat Map for Murlough Special Area of Conservation and Offshore, Northern Ireland",28408bbf-fd01-4415-a42f-6511ae35ad93
432,_:N1b336766538246d38dbc917114172d5c,LoughSwilly_HD_DEF,ad71c0cf-ea18-407a-ac75-f5ffb203bf65
433,_:N9a9990caaa14423d802e01e32bb9a7f7,Marine habitat mapping within the GR1110006 Natura site (Delta Evrou),9ac2a4ac-f03b-4116-8c82-ca4fa73e2212
434,_:N5267d7e0b58d43a9b884f792488b0314,Annex I submarine structures made by leaking gases in the UK v3.2,9d21cb99-f58c-4f3b-bdbc-c504546095b8
435,_:Ncb3a6d44d3da4aada781dd10480e347f,Ile de Groix habitat map,0c09afba-93a9-4943-8eaf-7d08c8f884d7
436,_:N02e36a43671745f1bd774f8803ee3b92,DE003002,ca9cc2f3-ffee-4d85-b220-d39594646a57
437,_:Nd68472e8fb5249efa19f8015afc5d76a,IT003006_TH_DEF,6d13a9d3-8a1b-4c58-857f-c8146ece911f
438,_:N64d2425fd8e44e1ab3957de78b549256,Kinetic energy at the seabed due to waves in the Black Sea (mean of annual 90th percentile),3bce7a49-14d0-4a65-96be-5321dd6b1edd
439,_:N8cd547bc1d854953961a0e98ca495878,"Kinetic energy at the seabed due to currents - Celtic Sea, Channel, Biscay (mean of annual 90th percentile)",96b51418-e238-4516-b3b2-dd0a68fa1ef0
440,_:Ne83a7249d0e44b2abed7409d83a2d13e,EUSeaMap2 (2016) Broad-Scale Predictive Habitat Map - Confidence in PAR at Seabed,6482b252-2409-4d2a-afa8-532d4b678bcc
441,_:Ne55eefb44ce741159eb7c41793c996e5,"EUSeaMap2 (2016) Broad-Scale Predictive Habitat Map - Riverine sediment input areas (Black Sea, Mediterranean)",31d46738-8cd5-4d27-9b6c-226b4d26ae0f
442,_:N4add7f70f8b74a63b4f8a2f5925ba307,DK003069_HabitatsDirective_DEF,06c72b29-981f-4b51-aae1-d85dcd70b07f
443,_:Nfe83095e7bc1464ba161b3660ef9e88f,Predictive habitat suitability model of Fucus serratus in the British Isles,377E1F87-EB83-40EC-8A92-D98B0F44916F
444,_:N91959003feed446783376072fc4a93ec,DK003054_HabitatsDirective_DEF,5d537a51-b7c0-4564-8b05-a15996a4fd1f
445,_:N28b42d448a8b415a957f749ee0b5ef9b,DK003021_HabitatsDirective_DEF,ae9e7d9d-9ca1-4fd2-a109-d70336847b8e
446,_:N57b039748e2c4ff183573dc0a80761de,DK003041_HabitatsDirective_DEF,871f827a-debb-4abe-843d-ba00655ffdf4
447,_:N083fc2cb49ff4e02a8f04fd11593e749,Needles rMCZ BSH,bdfcc485-6a89-497e-8c20-455ee696b202
448,_:Na540e85f685648f2a523bc23ef55bd88,Shannon Marine Habitats,5ec43d56-84dd-4e5b-bb8a-57f6faacd0c6
449,_:Nbfb5a20478434b32ad8c4f9ad5cbaec0,Tranarossan_MelmoreLough_HD_DEF,93edc120-907b-46d8-b1c1-55799862bac8
450,_:Nd2411930e3b14f6687b344a23c23ba2e,EUSeaMap2 (2016) Broad-Scale Predictive Habitat Map - Confidence in Salinity Regime,7055253a-8de9-42d6-9bcd-5d00a6ef416d
451,_:N0f7fd3b7c9684e7c94206d2e9dd9586c,[GB001083] Pobie Bank Reef (East of Shetland) Annex I Reef Type,aed449bf-5e6e-464b-9e0c-f8d4233fd433
452,_:N0764e488621840ae8b2f3dc135a9bc0d,LowerRiverShannon_HD_DEF,4b1763f9-2dc7-44f3-8290-0f133a6c22a8
453,_:Nf77bf2fb14d6456b8bb118ee05dc6a9d,Probability that the seafloor is below the halocline in the Baltic,f90033a4-d061-47d0-aa6b-02d7ce890b57
454,_:Ncea67cf1714745de8186b1b307429aea,Estonian reef habitats,84eee44f-3f7a-4e81-98c0-179e1138cf8b
455,_:Nedfa536be2cd488494654c0324b5ae07,Wave exposure index at sea surface in the Baltic Sea,96ef7d9f-2f9c-4b7b-8ec1-3535c67aa1f8
456,_:N82b38a2e3e1d48ae8af0f0ee56258bf9,Studio di fattibilità propedeutico per l’istituzione dell’AMP “Isola di Capri”. Parte II. Caratterizzazione floro-faunistica e delle biocenosi bentoniche (Substrato),11c39e18-04bc-4ac9-9e2e-f120a8cdad01
457,_:Ndb61bbc978904fd3ac22387f5c75b8fd,EUSeaMap2 (2016) Broad-Scale Predictive Habitat Map - Confidence in Energy Class,329e9267-dba6-4c7c-90cd-5096b6424379
458,_:N7b397b5c26e7487d8e16ce02ac979f60,DK003075_HabitatsDirective_DEF,243407ac-db2e-4e30-873f-2aace541abfb
459,_:N7a84722b102647f89a192074d7b9a62e,2010 Natural England (NE) Flamborough Head SAC - Biotope Mapping of Intertidal Reef,14c21b69-38f0-40bd-a55d-897c7fa644dc
460,_:N9967a859bcd74d789004418bfa7c253b,Seabed Habitat (EUNIS) - FR9301997 'Embiez / Cap Sicie' (Cartham) - FR003037,d9dcae09-dbde-42ca-8571-83b99947e6f8
461,_:N10b0f273a8b3406797211abb964bcae5,Kinetic energy at the seabed due to waves - Celtic Sea - Channel - Bay of Biscay (mean of annual 90th percentile),79924f5e-ca74-4a8b-878d-008fdb1387cb
462,_:N9d84cffeccbc420da5380a7bf9f063ba,Seabed Habitat (EUNIS) - FR9400587 'Iles Cerbicales et Frange Littorale' (Cartham) - FR003076,93e66bfa-7a8c-465b-b622-f2dd2eb0ec3d
463,_:N571dc512d86e4403860ed75a8498c3c5,FarranamanaghLough_HD_DEF,f6f6df68-e3d0-4a11-984b-07deedb73725
464,_:N8c8b1f21871b43f6bc548992373ac290,Seabed Habitat (EUNIS) - FR5300066 'Baie de Saint-Brieuc Est' - FR004010,eb890584-bc6a-4f6f-b278-cd608481fff7
465,_:Nd8c9dcaeb0ce40d2a18501e57590e085,"Seabed Habitat (Habitat Directive) - FR9402010 'Baie de Stagnolu, Golfu di Sognu, Golfe de Porto-Vecchio' (Cartham) - FR003080",b58b888a-5960-42e4-909b-a8e66e03947f
466,_:N7de047f9ed8b4f59828d0ccd1aee4513,GR004001,1498fdc2-a55d-4a5a-a011-42fde619e499
467,_:N59f0f4000f13491cabe83b09cfe41e8a,"Potential distribution seagrass (Zostera marina) in an area in Nordøyane, Møre og Romsdal county, the West coast of Norway",DBFDB54C-2670-44B3-967D-546E5CEF49FB
468,_:Nb35670dc59c94478a5484f2b5fe08847,Barleycove_HD_DEF,9c1492d4-1a32-479c-b172-b1cd8e965697
469,_:N8b355fa4d1834c7085964420ca3eee11,Seabed Habitat (EUNIS) - FR9301628 'Esterel' (Cartham) - FR003044,0fed90bb-57fe-44c2-87e3-f68f8b7cbf9a
470,_:N8b64b9bcf27549ab98fc9cb1ceab4b71,BoyneCoast_Estuary_HD_DEF,c5d3c7a4-a47d-4010-bc78-83608debc562
471,_:N61df234522404f7c9b213044455afbcb,Bembridge BSH,235584a3-4592-4d56-8218-cc531f1eee4a
472,_:N82cdc8552e684d96bd549ebcd76263f2,Confidence in kinetic energy at the seabed due to currents along Portuguese coast,fdbeadef-c9c9-43b1-85d2-a44d664c543e
473,_:N158be9078ec04b2b8d75cdf832dbb41f,CarnsorePoint_HD_DEF,3ff9779f-34f3-4fa6-9611-df9c95c7f648
474,_:N7ea98a3c392640a1b3c1965e43ef12bd,DK003012_HabitatsDirective_DEF,d698a80f-7c82-4035-8346-f7ac9a6e46a5
475,_:Ne70b667cde7b461ba51e2b6d1504fe53,Outer Ards Annex I Modiolus modiolus biogenic reefs,d6411cff-ddd9-4154-b9c6-17105ea53dc7
476,_:N8bf23182a2584562b68cc416033bd5fe,"EUSeaMap higher resolution case study for east of Angus and Aberdeenshire, UK",ae485715-52c9-44e6-abd0-11fc6957e5b1
477,_:N2b079628cf62436c8afd468e4ba1b0db,DK003033_HabitatsDirective_DEF,5aa51b5e-abc8-489e-873c-e4994f9c9af2
478,_:N344ac9657d1f4c008a299ecfe0cf1951,MalahideEstuary_HD_DEF,2e1a3c3c-4b6e-41b5-acf8-2e720afeafef
479,_:Nf84a1235cf14437c842f5759d714b3d5,DK003017_HabitatsDirective_DEF,a5c3c2a7-e31f-4455-b9e7-19f48b81fbab
480,_:Nde9ed98d5c84425481a498747e50b901,Broadscale habitat (EUNIS level 3) for Kentish Knock East (rMCZ),9397585f-cccb-4822-ad7b-a0c51b421c94
481,_:N77c5c5b05f7b4656a21c886482e97390,MESH SW Approaches canyons,546c9473b9f8effa615cc476f4df36b5
482,_:Neec0499f11a14b999286880106cac642,"90th percentile kinetic energy at the seabed due to waves in the North East Atlantic Sea, Greater North Sea and Celtic Seas",725d9f0d-b333-4d53-a055-de7dbded032f
483,_:Nb81a9ff14669496a94af4a8881fb5fb1,EUSeaMap2 (2016) Broad-Scale Predictive Habitat Map,02a444c8-bd2d-4e15-8e69-806059103760
484,_:N643cd78f81ea4ec6bb4ea54ef35f6faa,Kenmare River SAC EUNIS Habitat Map,20a8e979-ec80-4c44-b2db-f34fb2eb33f9
485,_:Nf1f4f74200854cb78b087b2901313a79,"Seabed Habitat (Typologie des biocenoses de Mediterranee) - FR9402015 'Bouches de Bonifacio, Iles des Moines' (Cartham) - FR003072",1215a789-4944-4ffb-bec1-3b34f7b663be
486,_:N7de875e69d964806a6f3ea1bbec49fba,North Irish Sea Nephrops Habitat,e3977cb7-fac1-49e2-8685-4067efcab49c
487,_:N832792b60037453f84490a1b25fe127e,CastlemaineHarbour_HD_DEF,6e533398-6cca-404b-8b91-86f7a8e634a3
488,_:N7fba19aad48a43e98cdebc317118ff88,Seabed Habitat (EUNIS) - FR9101436 'Cours inferieur de l'Aude' (Cartham) - FR003019,ea6b7897-d072-4c2f-8d27-d3d2b48f1498
489,_:Ne4d58211955e474db0483597d741944f,Predictive habitat suitability model of Fucus spiralis in the British Isles,0050C26F-0EF6-42A8-827E-F2C6D697D211
490,_:Nfc3034a5cfb944ca8f4750906c9cfdce,Approcahes to the Firth of Forth and Wee Bankie to Gourdon Areas rule based top down benthic habitat map 2013,c291e18f-f9ce-4edc-8821-7786c9804b4c
491,_:N4aecb6b19e4f4e41af706aae11bdf4c6,KilkeranLake_CastlefrekeDunes_HD_DEF,7e71e1b5-ddc1-43e1-abaf-f953cfa9ed83
492,_:Na95e348a196d4707870d721b2fcc768f,Dungarvan Marine Habitats,411b6876-701a-4c7c-9b7e-87050acabf0f
493,_:N2e68441df57d47c6885fca51a1a03347,2012 Cefas Dover Strait EUNIS habitat map for Civil Hydrography Programme Area HI1159,8100fb884ab13915a2e6da056edbbd85
494,_:N83f110c106f240c6a89fe243de8ca18c,Global habitat suitability for Subselliflorae cold water octocoral,4982DC27-BF56-41BD-9F23-80AACF8A236B
495,_:Nc9783a81e09248b2a3f29d934450a7fe,[GB100299] Assessment of the Torbay Biogenic Reef within the Lyme Bay and Torbay cSAC,8049dce8-2047-4ab0-8c87-e2f26db56d3d
496,_:Nb9820a24f9604154a13eadace6174f06,DK003009_HabitatsDirective_DEF,29c2f734-76d0-46c9-8547-e2a00f3e62ce
497,_:Nc8fe22df95b04e9aa1e4239ab3b36159,KingstownBay_HD_DEF,dd7a41de-9592-462c-ab05-08285ac69c34
498,_:N7cd801d8fcc342b89aee0461d5cb18bc,HookHead_HD_DEF,7734a03a-d366-47b9-9e15-bc7e8441bb73
499,_:Nd13e99fb12a94ae08eca692239aba566,North Sea Natura2000 habitats,c4f26f1d-03f2-4ba7-9f04-c3c2ba29b4d6
500,_:N87d6a00bc61840d3a950c31c638bc3e8,Seabed Habitat (EUNIS) - FR9301624 'Corniche Varoise' (Cartham) - FR003042,5978189c-baa0-4b4d-8df9-992aa2b23205
501,_:N22e1511dacdf44c2a92a17bcd44d91e1,LoughCahasyBaunRoonah_HD_DEF,bf9d1b79-e140-41ab-918b-45c31838ce45
502,_:Nac3ff04b1ffa4fc2b9b9dc5a6b40319d,Seabed Habitat (EUNIS) - FR5300009 'Côte de Granit rose-Sept-Iles' - FR004009,437b412f-bec4-4381-9318-b8071884ecf0
503,_:N58f336da5a7646d1abf60c2eed276153,Coarse rocky ground EUNIS seabed classification West of Greenland,046CC06F-BD60-429F-9FDA-FAAA246A4BD9
504,_:N043787a3ca0840b7ae0fba100cba5edf,SP003002,62714619-4e1a-42d8-b861-83c6256fe77a
505,_:N3ee47fa2e4e040a3993a7893288ae3e2,DK003027_HabitatsDirective_DEF,7a133d9e-a000-4d3d-9c9a-a205d251e4e3
506,_:Nf947b3f17e844243b5ef1f210ad807b8,Inismaan_HD_DEF,dce77f74-29b5-45ad-94c2-fe6efa984002
507,_:N8cbf47fbde534fdba064bf88ede4ecb0,SlynePenninsula_HD_DEF,9a5e65f5-f37e-41ee-a032-7a278c3a891a
508,_:N06510705248a421eafd99a920359547c,IE003087_TH_DEF,6af79ede-6c7d-4bb9-addb-56300908a93a
509,_:Ndde4ba1c962f4f62bdefda8253e2e231,EUSeaMap2 (2016) Broad-Scale Predictive Habitat Map - Confidence in Oxygen Regime,f82934be-c499-470e-91c7-74ba4849dad6
510,_:Nb2e4c993e77a4bd8b4b98a7710b4794c,Global habitat suitability of deep-water Antipatharia,685DE707-1E63-4D42-A394-C2A1B0DE5C94
511,_:N17ecfc9581d549aeaea9debad2e78323,Seabed Habitat (EUNIS) - FR9402013 'Plateau du Cap Corse' (Cartham) - FR003053,21fcfb3a-7aec-4166-9e44-3f5792ac6eee
512,_:Nddcbcbe49dcf4f5395150070ee915392,DK003065_HabitatsDirective_DEF,08692da4-9e13-4805-a8f9-a4368c410be5
513,_:N053c4007c90042c7838b1ab5348f5050,Seabed Habitat (Habitat Directive) - FR9402016 'Pointe de Senetosa et Prolongements' (Cartham) - FR003068,15f4d08c-0e15-436e-a81e-95d53ca0fcfc
514,_:N74dade8339fe4056bbc20f132272c115,AchillHead_HD_DEF,9f973bea-b448-4d3b-97ee-7204c8cec19f
515,_:N2a4367ef180d4a3ca8e41d03897c3ca3,Seabed Habitat (Habitat Directive) - FR9400587 'Iles Cerbicales et Frange Littorale' (Cartham) - FR003077,a82d7f62-c8fd-44dc-8bc5-ef74abaede8b
516,_:Nd05cccca5a334324a0547df2e9c8d7b4,Habitats marins du site Natura 2000 - Plateau rocheux de l'Ile d'Yeu,6d5b4972-4426-464a-a7ba-abada3f6b80e
517,_:N491ea3ab595e4055b0a5b5218e59ca49,IT003000_TH_DEF,e58b8e8e-d61b-4444-b28d-6380d92b2c1f
518,_:N62d17ae2a8624367b08eceb203fc4a9f,Global habitat suitability for Holaxonia cold water octocoral,8BB6CD2E-AAFF-492C-A7C5-0E91F759B6D6
519,_:N84cf1baec9714858a3584c12f7b893b8,Rockabill_DalkeyIsland_HD_DEF,d870e31b-d151-43b7-9eb7-6b5629403691
520,_:N085623f6afe84fc89493cbcb911f4fbe,Broadscale habitat (EUNIS level 3) for the Dover to Deal recommended Marine Conservation Zone (rMCZ),196e021d-842a-4d0e-9d0d-0d263b16785f
521,_:N18f27219a34b4c9e894e8548528ce005,Predictive habitat suitability model of Fucus vesiculosus in the British Isles,C0FB4F4C-237D-4BF5-9A00-B6E1929AA01E
522,_:Nc00ce0719ba94127946093c6e05eeec0,ToryIsland_HD_DEF,5f6b5ccd-8dca-4a67-9cf1-deb63202b51d
523,_:N572c1c9b258944d59123343196063142,Seabed Habitat (Typologie des Biocenoses de Mediterranee) - FR9400587 'Iles Cerbicales et Frange Littorale' (Cartham) - FR003078,3e59f921-53d3-4fd8-bfe3-f5e8aff8041f
524,_:N027cfb334cf74c64a66281e443e11844,Seabed Habitat (EUNIS) - FR3102002   'Banc des Flandres'   - FR004001,df5c03da-cdc3-440d-b419-6a491beb3014
525,_:N112a74ddb0ff4f57ad704d43678cc198,SP003005,f5aa67d5-43db-4479-9930-b45d098bd75b
526,_:N83a2f56bb9b541098cdf27e63c673150,"Seabed Habitat (Typologie des biocenoses de Mediterranee) - FR9402010 'Baie de Stagnolu, Golfu di Sognu, Golfe de Porto-Vecchio' (Cartham) - FR003081",66cba277-8196-4c84-9243-20b71b93a8f8
527,_:Nf804c243da594283a79076f57e007cff,Seabed Habitat (Habitat Directive) - FR2502021 'Baie de Seine Orientale' (Cartham) - FR004015,cfffce5b-eaaa-4b63-9d1d-d5717db73cb8
528,_:N267a8a7ce5f24cb2a98e0ecb5ae1a000,Seabed Habitat (EUNIS) - Parc naturel marin Golfe normand breton - FR004008,9633ad0b-338d-4131-9696-d69863088058
529,_:N7e34b024982144aabd1f723013a57355,ROSCI-0293 - Costinesti MPA Habitats,124776d7-b8ff-4e50-a920-14e5c265f4ae
530,_:N637d07bfb0c14090bd2e31fdedfd371c,EUSeaMap2 (2016) Broad-Scale Predictive Habitat Map - Confidence in Depth,f4272527-f0a3-4c0b-96d5-8bfc619b6da6
531,_:Ne962467bda074369866f2439daa0dcae,2013 Natural England Verification Survey of Padstow Bay and Surrounds rMCZ,e983c2ca-de11-437b-93b8-fdd3998591fb
532,_:Na036f928d4924573b0b7c09edaca1d87,Predictive habitat suitability model of Laminaria ochroleuca in the British Isles,C56FDAFC-0F7E-42AE-B673-C81C71312C1E
533,_:N56cae9118a0f4210a82148a18195afdf,Marine communities of the coast of La Gomera,5c0f13ee-098a-442c-abfc-d4c08a527476
534,_:Nb8804df8ff07460a84b6812c3d12af8a,Seabed Habitat (EUNIS) - FR9402018 'Golfe d'Ajaccio' (Cartham) - FR003065,66fe9c5e-655e-4836-8383-607e901dea3a
535,_:N4aa9e7c8b2c248f4bb55285cef578809,Kenmare River Infralittoral Habitats,529e08a7-eb82-4073-8aea-55cf936fcebf
536,_:N46b2e38943ff4803a126131127f89903,Inishmore_HD_DEF,0cd09783-d00e-43b1-8f6d-7ee671a44180
537,_:Ne79f4e3f3fb446f8b9728d799a9a0488,"Habitat Map for Murlough Special Area of Conservation and Offshore, Northern Ireland",ec81d2ad-5d98-4d4a-902b-3e05a6b91892
538,_:N343f90e7c8474bf0a69c10ccb4206707,Broadscale habitat (EUNIS level 3) for South West Deeps (West) recommended Marine Conservation Zone (rMCZ),eb7063d8-2b24-42cc-8180-8c4d0c6e38a5
539,_:N729c815ac8d44e6ca5e78cb2a2670e48,Confidence in kinetic energy at the seabed due to waves along the Portuguese coast,f183c766-a1a0-4015-b187-b7ad170d24b2
540,_:N7ed615c5a7054d79b7c1904b90c2ef3a,RathlinOBirne_HD_DEF,d48ba595-6297-4b22-8eee-de69c85fc1e4
541,_:Nbc808f31ed3d4bdd9cc556c9c7b591cf,Seabed Habitat (Habitat Directive) - FR9402018 'Golfe d'Ajaccio' (Cartham) - FR003066,0dd1abbc-7f77-4326-ac8d-cef305f494f4
542,_:Nc94d4c87ea844d40a99890a57e017cf6,Trégor-Goëlo habitat map - Rebent_2,8c39dc1c-3404-4775-b188-c904aa0006a3
543,_:N79a05b99ca1641248f57a9cf35280d60,Confidence in kinetic energy at the seabed due to waves in the Azores (mean of annual 90th percentile),f8981c87-4c94-4413-8a23-b6204579df60
544,_:N74aa5c2136d340259e0db44ac5ba1bb5,Seabed Habitat (EUNIS) - FR5300033 'Iles Houat Hoedic' - FR004024,e41e9189-dcf6-4efa-a97a-2a97b66586ad
545,_:N2b87d7234719470f84eac91a82a0641f,BallysadareBay_HD_DEF,dad24a4f-dea7-44a9-8331-3b2bbe67fa35
546,_:Nf06c3bbdd4904701aafe9f7f1d1b2c19,"Mytilus spp., Amphibalanus improvisus abundance model in Baltic Sea",3297D2A9-C2B2-4CB9-BAA4-2B3ADA653C91
547,_:N61f1f5aea3dd476c9ea62b2330de6c8a,Estonian mudflats and sandflats habitats,ec0967d4-567b-434d-b135-d3194bf4adda
548,_:N0b87a2d4028448d38f4ca4c4d51b39f6,DK003018_HabitatsDirective_DEF,2248f26c-8cce-44ee-b336-23156ccbe971
549,_:Nff3ce3491e10496893fd68a60233ba13,Confidence in kinetic energy at the seabed due to currents - Mediterranean,777d1cb6-df1b-4b8b-86ef-22be49e696d4
550,_:N8bcae7beb06b431eb5114a789bdbed09,"Habitat Map for Murlough Special Area of Conservation and Offshore, Northern Ireland",f3e1f924-1370-4533-b74a-880de6501013
551,_:N4ac557b5fe1e41569b789daa0514ac0a,Biotope map for Strangford Lough (Main Lough),97002eee-8fb8-49a4-a356-3aaf3ab1ea97
552,_:Nb0b198972e7b42d093a7474feece52dd,"Seabed Habitat (EUNIS) - FR9402018 'Cap Rossu, Scandola, Pointe de la Revellata, Canyon de Calvi' (Cartham) - FR003061",e1028f25-5c29-4079-a923-93f72c5802ef
553,_:Nbfcf0899f2e348298a2915a377c0e2a2,Extent of Serpulid reef and Modiolus modiolus beds in Loch Creran,022f7744eee00d2ec994c45b81cfe79d
554,_:N9d58608666c642aabc60613d2618528f,SalteeIsland_HD_DEF,39c5589f-a67d-47eb-be88-45bd7b2e499d
555,_:Nbf54d5de0b2d4a478226002ebdb8d6df,Acoustic mapping of the seabed of the Menai Strait,396a22f065508a1837d005a435171a24
556,_:N42cadfed51614e75bc88bfbe7fee2a91,"Seabed Habitat (Habitat Directive) - FR9400574 'Porto, Scandola, Revellata, Calvi, Calanches de Piana' (Cartham) - FR003058",6c7a10ff-7492-49b4-a8ef-35270f795b9c
557,_:N8ef2304f2ed040728d3459eb8322cb6f,Broadscale habitat (EUNIS level 3) for Greater Haig Fras recommended Marine Conservation Zone (rMCZ),6dba9096-141d-45fa-9565-2383ac99915e
558,_:N4d3e266b4f3d4fb0917e7b660a223bbc,Futurecoast,4d07c4e27ffe37a97954e29f174974e6
559,_:N02a8ad2aa5004b3fb669c52f98483085,2012 Cefas North Sea EUNIS habitat map for Civil Hydrography Programme Areas HI1083 and HI1153,cc6afe2cd8d9b412a36541e4cdfb8145
560,_:N42c3214064da46328cae5d5b5948e02c,Secchi Disk Depth Ratio for the Baltic Sea,99de21a8-cdfc-4306-a0f9-eda06bc26ebf
561,_:N1506d6d652694c98a64b7fc38c7f6914,[GB001517] North Norfolk Sandbanks and Saturn Reef CEND 22/13 Annex I Reef survey,d5b6bf8b-26ef-41e7-b235-12ae17b1ed5d
562,_:Nafb03b65dfb649b6ae8272fc887c4be3,Kinetic energy at the seabed due to currents along Portuguese coast (mean of annual 90th percentile),35264186-98cf-451c-836e-8ca4423dae3f
563,_:N32dae567b9fe47129659e3505c099ec3,Kinetic energy at the seabed due to waves along Portuguese coast (mean of annual 90th percentile),c2b8999b-21e6-4247-8fca-07fbfb5cecc3
564,_:N7665180b83294bf896b36011a15e59c5,OSPAR Habitats in the North-East Atlantic Ocean - Polygons,9ae8cf2e-50c4-4106-b9da-e199e78aa4ac
565,_:N02310e90b0bb4c2ea9af8b84a37ff74c,NO003011_OH_DEF,c19f6c87-3bbc-4a0e-8048-879e28b099cd
566,_:Ne69242617323459ca8a2a0e082439bcc,"[GB100355] East Coast REC Sabellaria spinosa in Haisborough, Hammond & Winterton",dafc5b4d-413d-43f7-8ad9-06e71c65f8de
567,_:N3cabbe816bdc4f998979d18d033c5da4,BG004002,a4611ff6-0a69-43d3-9b42-676d82574241
568,_:N40d25dc0a2334f5cb3120bc736910acd,Frederikshavn Natura2000 habitats,8e4fd9e2-2cab-46f0-b521-7b25f2cdea91
569,_:N6b6ac23748ae4497a90486a03ba453ce,[GB100440] Core reef approach to Sabellaria spinulosa reef management in The Wash and North Norfolk Coast SAC and The Wash approaches,041b1d16-00c5-4ac7-8978-b0eaca65f72a
570,_:Na5d3e4c5da2349749b54565d89eed653,Seabed Habitat (original habitat) - CARTHAM : FR9101493 & FR9102012 'Cote Vermeille' - FR003018,d080628e-6e15-42ea-9f94-9f9b66e747f8
571,_:N482202ba184e4867b09c1ddacf7c60e6,Confidence in kinetic energy at the seabed due to waves in the Black Sea,d214d93e-174f-42d1-a12e-1bf8b4166d81
572,_:Ncd514b21faa6419cb15379bebb8bc318,Confidence in wave exposure index at sea surface values,1db8fe91-5d70-44be-acfa-d63e626512be
573,_:Naed5be17c88e49d6bc975f27b3c577db,"Habitat Map for Murlough Special Area of Conservation and Offshore, Northern Ireland",5dcbf9b4-59f7-496d-a7e3-db8104fd1614
574,_:Nbe12c27379d74b8ead8a8ad9934426b0,DK003035_HabitatsDirective_DEF,6e3b4dce-c80c-4b91-a85a-3a6aa5ae2864
575,_:N20b2844bfc6a4892a55d01b256557ed5,LambeyIsland_HD_DEF,509c23af-4fe5-4223-8fdc-67cd966effb2
576,_:N48598de8f4c049e88db803e2754cfb9d,Broadscale habitat (EUNIS level 3) for Inner Bank recommended Marine Conservation Zone (rMCZ),68b02885-89dc-437e-9896-ac89b87449c7
577,_:N96b10f2fd3c24270bbe44f9ca26c25d7,IMAGIN Project Irish Sea Habitats,08aed200-5da4-4726-b22b-9a362f5e467f
578,_:Na3d0f88431ef42d5a6865a7df7c15991,Celtic Sea Marine Habitats (B&H),5b836ab6-b0b9-4931-8a94-d1147718b3e8
579,_:N637e8f82cbc94113ae978e495956e10d,SouthDublinBay_HD_DEF,290ceb42-3aad-4166-87f8-419f7ba5de11
580,_:N51588b3e42f94e6eae77167ae70332ff,DK003004_HabitatsDirective_DEF,0290c1c7-5175-4391-8e6b-5847fcafb210
581,_:N36ee216ce7784cf488c955ec54fc171a,IE003090_OH_DEF,d352b850-0957-4964-a24b-95ffe36f4525
582,_:Nbe981e93e8fb40d9bce7c6a09a927727,Predictive habitat model of ostur distribution in the North Atlantic,D1296EC1-7D97-413E-B109-608EAC8DE798
583,_:N0dbae92a725c4313be35db4f1e211f34,Poole Rocks rMCZ BSH,d55f503e-f7de-47c5-8c29-7b7fc5c8cf5f
584,_:N509cb500c0a54b989bf70fdfe827c647,"Seabed Habitat (EUNIS) - FR9402018 'Cap Rossu, Scandola, Pointe de la Revellata, Canyon de Calvi' (Cartham) - FR003060",734830a6-6701-4049-bccd-d3533164969b
585,_:N60bb0185f7c841fcacb29868c5ba5d36,EUSeaMap (2019) regions,c4ad0b11-b90a-4b3b-afa4-e602834fc04e
586,_:N2531ffcf786141ecbd543e0140657bf5,Kinetic energy at the seabed due to Currents - Svalbard (Institute of Marine Research - IMR),f438a07a-28c2-44c0-9d50-e3c4d633c304
587,_:Nc4915e60fb584a9a8a9c569111bdcfb1,"Habitat Map for Murlough Special Area of Conservation and Offshore, Northern Ireland",7f91c575-6057-43e6-abd0-e635a9389ed7
588,_:N2ad7e94a7a4e4979a9b89633180fd4a1,IT004003,e444c798-f271-4cb9-98b0-e4b9b4fbf91f
589,_:N8a1acdb11d02410f819fe85c04d11bfa,Bristow to the Stones BSH,23568eee-1eb4-48c9-bb80-0c0956f986a6
590,_:N82a1bae8839e4b679d8b7a027046fb1e,DK003062_HabitatsDirective_DEF,a1f06040-932d-4dc7-9a8e-c140530f01bb
591,_:N20487b6d472e4e33be7639deac6c6017,DK003053_HabitatsDirective_DEF,2cc3449e-5f4c-4c53-8c90-cb35aa64ff16
592,_:N6129e609d62842cfa835f2315584684c,Seabed Habitat (EUNIS) - FR9102013 'Bancs sableux de l'Espiguette' (Cartham) - FR003023,d5e7b7e0-57fb-474c-a932-2c4e3c16ee68
593,_:N5e81991321294003b43d33119570d416,IE003089_OH_DEF,dc435039-0360-4c7e-96d7-a5db12a8fd40
594,_:N1084aec88a9547e2866b5afb54a6e5b7,"Habitat Map for Murlough Special Area of Conservation and Offshore, Northern Ireland",e78177cd-c34f-4933-9fad-e354d4927f6c
595,_:N95450ecc3ca34db7b13a148eb1a237be,"Kinetic energy at the seabed due to currents - Celtic Sea, Channel, Bay of Biscay (mean of annual 90th percentile)",0191e32e-6b0c-4967-9b96-f0ab37f19f3f
596,_:N9aea55132f2b45fca6354e3b97319679,Bedrock with sand EUNIS seabed classification West of Greenland,AA694DC6-3306-4827-A2F4-FAAA9E57225B
597,_:N527bd30ad8254f09841c490f072a0dd0,Habitats marins du site Natura 2000 - Rochebonne,6475e5a6-8961-42da-93a7-234f3ba1f80f
598,_:N6886d2f5c2db4b1382a5ecd90f24b5b4,WestArdara_MaasRoad_HD_DEF,e1511625-ac3f-4c13-b412-47f47bf63fe0
599,_:Ne2f05f56b56144f8b34ac99d07dd12ae,Seabed Habitat (Habitat Directive) - FR9301613 'Rade d'Hyeres' (Cartham) - FR003040,65cc9f11-d485-4035-8429-a6da78466613
600,_:Na4431fffae864aeeade7a1c1fd8067d2,RoaringwaterBay_HD_DEF,90db4f09-051c-400b-a2a2-d496c3e9efaa
601,_:N81804a044846415e9a6fd3482e254370,DK003074_HabitatsDirective_DEF,8455a2d8-0ee4-4822-9633-b53070d972a7
